,id,T,formula,database,zT_pred,zT_std
3742,411239,1000,As4Br7Hg6Ti,ICSD,1.61202,0.487051
11598,36007,1000,Br9O4Pb8Tl,ICSD,1.60831,0.574704
80177,237508,1000,PbSe4Tl2Zr,ICSD,1.60054,0.494027
4807,1510482,1000,Au3Ca2In4,COD,1.58786,0.578386
11595,418796,1000,Br9Nb2S4Tl5,ICSD,1.58485,0.629056
80087,251136,1000,Pb2Se25Ti7Tl18,ICSD,1.57923,0.48668
5335,4000517,1000,AuPSe3Tl,COD,1.57592,0.508524
1010,1509539,1000,AgSeTl,COD,1.57591,0.472085
72904,25304,1000,I6Pb5S2,ICSD,1.57517,0.502566
538,412371,1000,AgBi2ClSe3,ICSD,1.57371,0.539059
64169,152521,1000,CuPbSe3Yb,ICSD,1.57308,0.593634
10441,9008043,1000,Bi2STe2,COD,1.56688,0.539127
4848,4304502,1000,Au3KSn3,COD,1.56278,0.577177
63844,154669,1000,CuHoPbSe3,ICSD,1.56196,0.584441
81522,4324132,1000,Se4Tl4Zr,COD,1.56032,0.470748
11428,237339,1000,Br5Hg6S4Tl,ICSD,1.55991,0.572263
63531,152517,1000,CuDyPbSe3,ICSD,1.55768,0.587885
63548,152519,1000,CuErPbSe3,ICSD,1.55733,0.581556
64168,152520,1000,CuPbSe3Tm,ICSD,1.55725,0.58163
80029,600787,1000,PSe4Tl3,ICSD,1.55716,0.444665
64167,152516,1000,CuPbSe3Tb,ICSD,1.55493,0.594259
4696,370004,1000,Au2Ga2Sr,ICSD,1.55315,0.629203
63824,82563,1000,CuHfSe3Tl,ICSD,1.55151,0.558978
72807,418344,1000,I3Pb2S2Sb,ICSD,1.55138,0.56082
10277,2204243,1000,Bi2Cs2Se5Zn,COD,1.55053,0.611238
10310,4313218,1000,Bi2GaLa,COD,1.54839,0.574858
11037,35381,1000,Br10O4Pb9,ICSD,1.54812,0.553039
81519,36370,1000,Se4TiTl4,ICSD,1.54775,0.463975
3743,413988,1000,As4Br7Hg6Yb,ICSD,1.54704,0.500607
63401,424884,1000,Cu5Lu3Se8Tl2,ICSD,1.54689,0.600588
3741,411481,1000,As4Br7CrHg6,ICSD,1.54512,0.49982
3161,415410,1000,As2Br3CuHg3,ICSD,1.54469,0.484861
64249,262810,1000,CuSe3ThTl,ICSD,1.54449,0.58174
5103,611768,1000,AuCuSn,ICSD,1.54138,0.462996
10671,411218,1000,BiBr7Hg6Sb4,ICSD,1.53882,0.47019
80359,79601,1000,PdSe2Tl2,ICSD,1.53823,0.472436
3739,417039,1000,As4Br6CdHg6,ICSD,1.53683,0.471586
11401,40521,1000,Br4STl6,ICSD,1.53592,0.438699
10427,604338,1000,Bi2Pd2Sr,ICSD,1.5332,0.622559
77838,600249,1000,NbSe4Tl3,ICSD,1.53153,0.531905
72017,251139,1000,Hf7Pb2Se25Tl18,ICSD,1.52996,0.517682
10185,410739,1000,Bi14I12RhSi2,ICSD,1.52926,0.398872
72860,4001792,1000,I4STl6,COD,1.52805,0.415299
10999,617014,1000,BiRhSe,ICSD,1.52692,0.48154
9308,50160,1000,BaGa2Pt2,ICSD,1.52599,0.627399
5019,1510060,1000,AuCaIn2,COD,1.52585,0.572032
4617,4336566,1000,Au10Ga16Na5,COD,1.52486,0.565832
72093,237510,1000,HfPbSe4Tl2,ICSD,1.52259,0.513517
72366,247763,1000,HgSe4SiTl2,ICSD,1.52161,0.466548
72284,413308,1000,HgK2Se4Sn,ICSD,1.521,0.644165
80028,62697,1000,PSe3Tl2,ICSD,1.51946,0.492629
8945,58638,1000,BaBi2Zn,ICSD,1.519,0.597964
64728,630271,1000,DySe2Tl,ICSD,1.51894,0.624673
11492,411860,1000,Br6Hg7P4Sn,ICSD,1.5186,0.566605
80075,648365,1000,Pb2Pd3Se2,ICSD,1.51803,0.456891
4896,4339089,1000,Au4In6K,COD,1.5178,0.501679
55622,410772,1000,Ca2Pt3Sn5,ICSD,1.51753,0.536262
11434,250266,1000,Br5KPb2,ICSD,1.51726,0.562076
63974,152522,1000,CuLuPbSe3,ICSD,1.51703,0.611579
64158,4000521,1000,CuPSe3Tl,COD,1.51694,0.505675
10445,41924,1000,Bi2SrZn,ICSD,1.51664,0.595704
10535,410929,1000,Bi4Br7O2Ta2,ICSD,1.51619,0.627887
11610,185392,1000,BrCdHgS,ICSD,1.51574,0.606187
5305,1510244,1000,AuNaSe2,COD,1.51527,0.622015
7895,1511327,1000,BSe3Tl3,COD,1.51446,0.541717
80265,648843,1000,Pd3Se2Tl2,ICSD,1.51342,0.453098
72159,427211,1000,Hg2In2Sr,ICSD,1.512,0.603011
72657,106992,1000,HoSe2Tl,ICSD,1.50951,0.619938
8449,89912,1000,Ba3Bi6PbSe13,ICSD,1.50929,0.53094
11490,412467,1000,Br6Hg3Se2Zr,ICSD,1.50912,0.461168
81452,418475,1000,ScSe2Tl,ICSD,1.508,0.621858
3740,411861,1000,As4Br6Hg6Sn,ICSD,1.50772,0.484189
59589,75959,1000,ClSe2Tl5,ICSD,1.50674,0.481098
4649,7209401,1000,Au2CaGe2,COD,1.50569,0.666074
11292,411521,1000,Br3Hg3Sb2Tl,ICSD,1.50555,0.492822
3735,33700,1000,As4Bi2Br12Hg9,ICSD,1.5046,0.462108
11637,411771,1000,BrCuHgSe,ICSD,1.50457,0.481922
10982,616956,1000,BiPdSe,ICSD,1.5037,0.470217
69436,95237,1000,Ge2Hg3K2Se8,ICSD,1.50309,0.546162
10184,410740,1000,Bi14I12IrSi2,ICSD,1.50285,0.410921
77588,78788,1000,NaPt2Se3,ICSD,1.50029,0.61914
5249,1510206,1000,AuKSe2,COD,1.50025,0.6566
10233,58764,1000,Bi2CdSr,ICSD,1.50017,0.605555
25,391132,1000,Ag2As4Hg7I6,ICSD,1.50008,0.469334
4921,427220,1000,Au5CsGa9,ICSD,1.49879,0.502713
63829,1525117,1000,CuHg2Zr,COD,1.49861,0.571599
81472,651896,1000,Se2SmTl,ICSD,1.49781,0.65033
4852,7209416,1000,Au3LiSn4,COD,1.49691,0.475863
63677,152515,1000,CuGdPbSe3,ICSD,1.49639,0.621244
72360,89018,1000,HgRbSbSe3,ICSD,1.49627,0.597507
80082,648427,1000,Pb2Rh3Se2,ICSD,1.49583,0.491992
72129,4324134,1000,HfSe4Tl4,COD,1.49445,0.500132
63096,601653,1000,Cu2Te2Tl,ICSD,1.49384,0.488397
4816,4329714,1000,Au3CsGa2,COD,1.4937,0.620985
1030,1509557,1000,AgTeTl,COD,1.49358,0.467474
10936,616878,1000,BiNiSe,ICSD,1.49271,0.465366
78260,646211,1000,Ni3Pb2Se2,ICSD,1.49264,0.478551
10975,1531358,1000,BiPPb2,COD,1.49239,0.515023
64250,82561,1000,CuSe3TlZr,ICSD,1.49203,0.538469
77675,2208193,1000,Nb2Se11Tl4,COD,1.49169,0.485044
10534,415130,1000,Bi4Br4Ga,ICSD,1.49142,0.434226
4720,4308152,1000,Au2In2Sr,COD,1.49113,0.646173
11444,1010211,1000,Br5Pb2Rb,COD,1.49073,0.55032
4953,55545,1000,Au6In5Na2,ICSD,1.49031,0.552192
4832,4329713,1000,Au3Ga2Rb,COD,1.49015,0.609435
72221,83633,1000,Hg3Rb2Te4,ICSD,1.48952,0.658367
81479,652075,1000,Se2TlY,ICSD,1.48938,0.616386
64248,28743,1000,CuSe2Tl,ICSD,1.4893,0.467479
4615,4339495,1000,Au10Ca4In3,COD,1.48891,0.627151
81475,106990,1000,Se2TbTl,ICSD,1.48864,0.641484
10429,261457,1000,Bi2Pd3Se2,ICSD,1.48858,0.458439
4891,4336567,1000,Au4Ga2Na,COD,1.48853,0.569422
4519,1527777,1000,AsPb2Pd3,COD,1.48826,0.487271
70272,4000661,1000,GeMnTe4Tl2,COD,1.48811,0.46589
72128,7019864,1000,HfSe3Tl2,COD,1.48797,0.545841
80524,649354,1000,PrSe2Tl,ICSD,1.48749,0.644722
570,411773,1000,AgBrHgS,ICSD,1.4873,0.651256
10675,171726,1000,BiBrCdSe2,ICSD,1.48696,0.456193
56056,619327,1000,CaGe2Pt2,ICSD,1.48665,0.651777
73305,187206,1000,In7Pt2Pu,ICSD,1.48653,0.484321
57863,622133,1000,CeSe2Tl,ICSD,1.48388,0.629895
4785,427711,1000,Au2Sn2Sr,ICSD,1.48347,0.644739
76585,4000662,1000,MnSnTe4Tl2,COD,1.48322,0.463034
62884,656152,1000,Cu2HgSiTe4,ICSD,1.48307,0.486893
78085,106988,1000,NdSe2Tl,ICSD,1.48299,0.649259
4811,4304962,1000,Au3CaGa,COD,1.4829,0.622821
3998,240354,1000,AsBrCdHg,ICSD,1.48288,0.452157
10767,75128,1000,BiCuOSe,ICSD,1.48249,0.645795
62874,81554,1000,Cu2Hf3Se8Tl2,ICSD,1.48197,0.614435
10691,171727,1000,BiCdISe2,ICSD,1.48184,0.461141
3803,410814,1000,As4Hg7I6Sn,ICSD,1.48148,0.466319
69315,636407,1000,GdSe2Tl,ICSD,1.48144,0.656965
10551,616588,1000,Bi4Cu4Mn3,ICSD,1.48135,0.57503
68096,604005,1000,Ga20Pt11U4,ICSD,1.48124,0.545742
10644,72976,1000,Bi8K2Se13,ICSD,1.48045,0.516299
10768,187824,1000,BiCuOTe,ICSD,1.47976,0.673309
81632,416310,1000,SiTe3Tl3,ICSD,1.47899,0.484342
11548,420139,1000,Br7Hg6InSb4,ICSD,1.47792,0.478763
11429,237340,1000,Br5Hg6Se4Tl,ICSD,1.47751,0.483109
4990,416287,1000,AuBi8Br9Sb,ICSD,1.47721,0.443018
56825,4000657,1000,CdGeTe4Tl2,COD,1.4763,0.449998
126,413300,1000,Ag2HgI2S,ICSD,1.47502,0.579681
62844,656155,1000,Cu2GeHgTe4,ICSD,1.47415,0.46743
4837,7209414,1000,Au3GeNa,COD,1.47363,0.63081
80543,192269,1000,Pt11Sn12Sr6,ICSD,1.47337,0.633267
10632,1518091,1000,Bi7Cs3Se12,COD,1.47262,0.572098
64283,629347,1000,CuTe3Tl4,ICSD,1.47244,0.446963
70424,2595,1000,GePtSe,ICSD,1.47197,0.478371
10170,426891,1000,Bi12Cl2Rh3,ICSD,1.47101,0.506472
81514,600250,1000,Se4TaTl3,ICSD,1.47085,0.530481
11437,9016685,1000,Br5NPb2,COD,1.47078,0.490205
4844,245679,1000,Au3In3Sr,ICSD,1.47056,0.562294
3204,416973,1000,As2CdHg4I4,ICSD,1.46975,0.481016
74662,69438,1000,KPt2Se3,ICSD,1.46892,0.659564
4973,249661,1000,Au9In13Sr4,ICSD,1.46814,0.564693
10201,406950,1000,Bi24Br20Ru3,ICSD,1.46712,0.442168
62885,656158,1000,Cu2HgSnTe4,ICSD,1.46708,0.461232
10288,656844,1000,Bi2CuU,ICSD,1.46682,0.612023
10631,406636,1000,Bi7Br8Rh,ICSD,1.46646,0.447596
10641,4002338,1000,Bi8Cs2Se13,COD,1.46608,0.53699
11706,24706,1000,BrHg2N,ICSD,1.46598,0.571332
10838,415138,1000,BiIMnSe2,ICSD,1.46559,0.515827
4697,4336565,1000,Au2Ga4Na,COD,1.46539,0.571376
72367,247764,1000,HgSe4SnTl2,ICSD,1.46505,0.43881
63819,1525116,1000,CuHfHg2,COD,1.46498,0.560826
10978,9012390,1000,BiPbPd2,COD,1.46491,0.449298
3738,411676,1000,As4Br16Ga4Hg11,ICSD,1.46478,0.474019
5215,107505,1000,AuIn2Na,ICSD,1.46472,0.600527
57030,7222183,1000,CdSbTl,COD,1.46443,0.448849
81355,76499,1000,Sb2TlZn2,ICSD,1.4643,0.455324
11254,28312,1000,Br3CsPb,ICSD,1.46366,0.642166
70109,4000659,1000,GeHgTe4Tl2,COD,1.46349,0.446545
81521,600248,1000,Se4Tl3V,ICSD,1.46338,0.500834
63853,65962,1000,CuI3Tl2,ICSD,1.46316,0.484228
72158,9015189,1000,Hg2IO,COD,1.46115,0.581506
10468,7100873,1000,Bi3CsSe5,COD,1.46098,0.553174
4894,4110908,1000,Au4In2K,COD,1.46097,0.619634
61954,262555,1000,Cs2Pt3Se6U,ICSD,1.45995,0.702874
81507,59171,1000,Se4SiTl4,ICSD,1.45988,0.470057
68467,600554,1000,Ga5PtU,ICSD,1.45966,0.574457
10647,4002337,1000,Bi8Rb2Se13,COD,1.45956,0.533554
10183,412895,1000,Bi14Br16Pd,ICSD,1.4592,0.44225
10210,159465,1000,Bi2BrInSe4,ICSD,1.45912,0.41645
784,54796,1000,AgHgIS,ICSD,1.45779,0.638406
4900,4304501,1000,Au4KSn6,COD,1.45769,0.519234
80387,4313943,1000,PdSrTl2,COD,1.45682,0.642645
61953,33893,1000,Cs2Pt3Se4,ICSD,1.4566,0.672804
5162,156264,1000,AuGaZr,ICSD,1.45657,0.680275
11491,73818,1000,Br6Hg7P4,ICSD,1.45492,0.556062
63070,629124,1000,Cu2Se2Tl,ICSD,1.45491,0.445962
80076,9013781,1000,Pb2Pd3Te2,COD,1.45473,0.484013
10630,1518086,1000,Bi6Se13Sr4,COD,1.45345,0.568551
1006,1509541,1000,AgSe2Tl,COD,1.45259,0.449708
10639,412563,1000,Bi8Ca3Pd4,ICSD,1.45255,0.577483
4899,7209420,1000,Au4KSn2,COD,1.4523,0.609146
81480,106994,1000,Se2TlYb,ICSD,1.45225,0.637819
68864,4000782,1000,GaSe2Tl,COD,1.45203,0.462676
74397,165178,1000,K6Tl17,ICSD,1.45187,0.650128
81478,652071,1000,Se2TlTm,ICSD,1.45149,0.639971
80597,262559,1000,Pt3Rb2Se6U,ICSD,1.45147,0.698603
10349,616770,1000,Bi2LaNi2,ICSD,1.45112,0.610307
10988,616991,1000,BiPtSe,ICSD,1.45108,0.473162
11446,8100034,1000,Br5PdTl3,COD,1.45035,0.472658
4834,611899,1000,Au3Ga8Tb3,ICSD,1.45018,0.617552
80072,1522414,1000,Pb13Rh4Sr3,COD,1.44901,0.625971
7959,425157,1000,Ba2BiGaSe5,ICSD,1.44876,0.629193
10313,616669,1000,Bi2GdNi2,ICSD,1.4484,0.604922
4335,280332,1000,AsHg3ISe4,ICSD,1.44786,0.456468
10237,616562,1000,Bi2CeNi2,ICSD,1.44725,0.606898
4695,190987,1000,Au2Ga2In,ICSD,1.44709,0.526109
4698,2019456,1000,Au2GaMg,COD,1.4462,0.604925
73246,410703,1000,In4Pt3Sr2,ICSD,1.44587,0.62378
11441,80471,1000,Br5OTe7W,ICSD,1.44573,0.510452
11420,1530529,1000,Br5CsHg2,COD,1.44551,0.572488
74373,410090,1000,K5Pb24,ICSD,1.44546,0.632722
64282,81571,1000,CuTe3TiTl,ICSD,1.44546,0.546637
65209,106993,1000,ErSe2Tl,ICSD,1.44543,0.63744
4833,8103438,1000,Au3Ga7Yb,COD,1.44522,0.528322
72249,1531469,1000,Hg4Se6Si,COD,1.44514,0.462346
11546,427005,1000,Br7H2Ir4OSe14,ICSD,1.44472,0.542321
68081,635156,1000,Ga16Pt7Ti6,ICSD,1.44413,0.560819
11715,22138,1000,BrIPb,ICSD,1.44211,0.452271
63875,108380,1000,CuInPt2,ICSD,1.44169,0.496737
11383,35418,1000,Br4KTl,ICSD,1.44144,0.613808
10382,1524228,1000,Bi2Ni3Se2,COD,1.44141,0.491748
11121,88611,1000,Br2CsRe3Se4,ICSD,1.44064,0.711219
5093,611766,1000,AuCu3Sn,ICSD,1.44047,0.447016
8943,416299,1000,BaBi2Pd2,ICSD,1.44019,0.633014
62883,627936,1000,Cu2HgSe4Sn,ICSD,1.4399,0.447074
70191,4000514,1000,GeLaSe4Tl,COD,1.43969,0.537319
4949,426465,1000,Au6Ga3Sr2,ICSD,1.43904,0.636731
64040,4000525,1000,CuNb2Se12Tl3,COD,1.43891,0.475665
56143,619356,1000,CaHg3,ICSD,1.43801,0.608551
56357,5910096,1000,CaPb3,COD,1.43795,0.627109
7894,1511326,1000,BSe3Tl,COD,1.43772,0.541443
68877,1527851,1000,GaTe2Tl,COD,1.4373,0.462697
57035,620451,1000,CdSe2Tl,ICSD,1.43723,0.431587
3055,39931,1000,As10Br18Hg19,ICSD,1.43718,0.462271
59265,1001109,1000,ClCuHgSe,COD,1.43708,0.644758
81487,35042,1000,Se3SiTl2,ICSD,1.43695,0.525533
10454,391191,1000,Bi37Br48In,ICSD,1.43693,0.450627
81459,418476,1000,ScTe2Tl,ICSD,1.43688,0.58452
56569,76500,1000,Cd3Sb3Tl2,ICSD,1.43634,0.447613
555,9011022,1000,AgBiSe2,COD,1.43599,0.427989
72224,4000818,1000,Hg3Se4Tl2,COD,1.43562,0.45721
4003,280331,1000,AsBrHg3Se4,ICSD,1.43557,0.457648
68082,635167,1000,Ga16Pt7Zr6,ICSD,1.43525,0.55178
10486,423016,1000,Bi3IIn2Se7,ICSD,1.43496,0.421012
4707,7209408,1000,Au2Ge2Sr,COD,1.43471,0.690155
69373,189911,1000,Ge12Pt4Th,ICSD,1.43392,0.54844
10176,405639,1000,Bi12I3Ni4,ICSD,1.43305,0.417378
61472,1528242,1000,CrI6Tl4,COD,1.43278,0.501498
65243,416378,1000,Eu2Ga9Ir3,ICSD,1.43245,0.574593
4729,1510427,1000,Au2InSc,COD,1.4322,0.62792
77583,5910101,1000,NaPb3,COD,1.43218,0.636226
57041,4000658,1000,CdSnTe4Tl2,COD,1.43155,0.424687
68441,1523753,1000,Ga5IrU,COD,1.43154,0.573121
7579,1511163,1000,BGa8Ir4,COD,1.43138,0.548421
11708,9009816,1000,BrHg3ITe2,COD,1.43127,0.454832
10519,58858,1000,Bi3Sr,ICSD,1.43126,0.614127
80180,648548,1000,PbSe5U2,ICSD,1.43104,0.648602
80555,69439,1000,Pt2RbSe3,ICSD,1.4307,0.664037
10837,423015,1000,BiIIn2Se4,ICSD,1.43033,0.41483
11549,1531988,1000,Br7Hg6Sb5,COD,1.42979,0.457224
11293,63347,1000,Br3Hg8O4,ICSD,1.42975,0.586213
11636,412307,1000,BrCuHgS,ICSD,1.42975,0.643345
782,1509376,1000,AgHg2Ti,COD,1.42928,0.5711
72891,37190,1000,I6K2Pt,ICSD,1.42909,0.64913
72271,1529983,1000,HgI3K,COD,1.42908,0.638386
62882,627935,1000,Cu2HgSe4Si,ICSD,1.42898,0.470083
61651,626736,1000,CrSe2Tl,ICSD,1.42895,0.536626
6313,1510955,1000,B3Se10Tl3,COD,1.42847,0.534238
63828,1525115,1000,CuHg2Ti,COD,1.42822,0.579049
4579,611388,1000,AsSe4Tl3,ICSD,1.42746,0.428357
4885,424033,1000,Au4CaCd2,ICSD,1.4271,0.592873
10652,411135,1000,Bi9Br3Rh2,ICSD,1.42709,0.42891
4897,4339090,1000,Au4In6Rb,COD,1.42638,0.535264
5104,150572,1000,AuCuZn2,ICSD,1.42581,0.501229
63268,68524,1000,Cu3Se2Tl,ICSD,1.42507,0.429767
62753,4030182,1000,Cu14Se10Tl5,COD,1.42495,0.429419
10167,245518,1000,Bi12Br2Rh3,ICSD,1.42493,0.418031
56857,58987,1000,CdHg2Ti,ICSD,1.42461,0.557417
11360,61180,1000,Br4CsTl,ICSD,1.42414,0.619952
11006,61153,1000,BiSe3Sr,ICSD,1.4238,0.593581
8957,7221180,1000,BaBiSe3,COD,1.42373,0.608461
63649,102928,1000,CuGaPt2,ICSD,1.42336,0.486473
3548,418156,1000,As2Pt2Sr,ICSD,1.42332,0.669139
11166,27402,1000,Br2Hg3Te2,ICSD,1.4233,0.454671
1025,7209352,1000,AgTe2Tl3,COD,1.42311,0.433136
5368,612311,1000,AuSe3Tl4,ICSD,1.42283,0.462837
10204,1531067,1000,Bi2Br9Cs3,COD,1.42281,0.63497
4818,1510490,1000,Au3CsSe2,COD,1.42251,0.614168
10974,4307991,1000,BiP2Se6Tl,COD,1.42246,0.513647
62685,69440,1000,CsPt2Se3,ICSD,1.42228,0.668607
10983,70060,1000,BiPdTe,ICSD,1.42193,0.473116
4578,1527527,1000,AsSe3Tl3,COD,1.42186,0.457221
10442,9004849,1000,Bi2Se2Te,COD,1.42152,0.460531
10533,406951,1000,Bi4Br2Ru,ICSD,1.4215,0.445042
72264,1001418,1000,Hg9I6P5,COD,1.42132,0.549087
81799,653098,1000,Te2TlY,ICSD,1.42079,0.623986
3163,82312,1000,As2Br3Hg4,ICSD,1.42057,0.445486
10755,616577,1000,BiCu,ICSD,1.42038,0.495186
5005,2008114,1000,AuBr4K,COD,1.42026,0.627706
80104,1523436,1000,Pb3Sr,COD,1.42006,0.673524
61665,79007,1000,CrTe2Tl,ICSD,1.41993,0.534786
70487,261015,1000,GeSe4Tl4,ICSD,1.41988,0.456501
131,95094,1000,Ag2HgSe4Sn,ICSD,1.41966,0.435328
81540,4316500,1000,Se6TlU2,COD,1.41946,0.63753
10301,600805,1000,Bi2EuSe4,ICSD,1.41939,0.559643
69374,189912,1000,Ge12Pt4U,ICSD,1.41934,0.564866
11165,1532891,1000,Br2Hg3Se2,COD,1.41907,0.467474
5288,54465,1000,AuMnSn,ICSD,1.41878,0.641174
11020,7221256,1000,BiZn,COD,1.41754,0.451824
7955,416445,1000,Ba2Bi4Cd3,ICSD,1.41748,0.611542
1642,417775,1000,Al3Bi5I12,ICSD,1.41693,0.532925
567,8103387,1000,AgBr5Pb2,COD,1.41692,0.438523
10788,4341155,1000,BiEuSe3,COD,1.41692,0.611987
81405,60962,1000,SbSe3Tl3,ICSD,1.41672,0.446057
70485,35043,1000,GeSe3Tl2,ICSD,1.41623,0.456445
2966,7221238,1000,AlSe2Tl,COD,1.41611,0.568129
81464,412581,1000,Se11Ta2Tl4,ICSD,1.41611,0.521197
70502,49658,1000,GeTe3Tl3,ICSD,1.41608,0.444782
4865,1510509,1000,Au3RbSe2,COD,1.41591,0.601484
72202,411153,1000,Hg3I2Se2,ICSD,1.41521,0.457034
4739,1510436,1000,Au2InY,COD,1.41452,0.650414
62843,152761,1000,Cu2GeHgSe4,ICSD,1.41397,0.437798
10554,600866,1000,Bi4Eu3Se9,ICSD,1.41396,0.600043
78472,108642,1000,NiPb,ICSD,1.41381,0.502759
4735,1510432,1000,Au2InTi,COD,1.4129,0.600757
65423,174335,1000,EuGa8Ir2,ICSD,1.41284,0.525509
72868,37099,1000,I4Tl2Zn,ICSD,1.41273,0.488901
73648,640528,1000,InSe2Tl,ICSD,1.41221,0.450775
1024,1509558,1000,AgTe2Tl,COD,1.4113,0.448353
63456,9012535,1000,Cu7Hg6,COD,1.41107,0.510045
80559,78785,1000,Pt2Se3Tl,ICSD,1.41091,0.460467
11414,65285,1000,Br5Cs2Tl,ICSD,1.41086,0.66325
7335,411438,1000,BBr3I3P,ICSD,1.4107,0.610388
81490,1524609,1000,Se3SnTl2,COD,1.41048,0.444301
55634,4334057,1000,Ca3Cd8Pt4,COD,1.41041,0.565816
11470,27694,1000,Br6Cs2Po,ICSD,1.41039,0.635993
6112,1510832,1000,B2Se7Tl2,COD,1.41039,0.530613
3590,411432,1000,As3BiCs4Se7,ICSD,1.40953,0.660939
10680,76649,1000,BiBrSe,ICSD,1.40952,0.477619
960,605653,1000,AgPb4Pd6,ICSD,1.40874,0.470212
80195,1522664,1000,Pd13Tl9,COD,1.40846,0.46222
67934,424710,1000,FePb4Sb6Se14,ICSD,1.40824,0.410597
79953,62230,1000,PPbSe3,ICSD,1.40733,0.51741
10364,603311,1000,Bi2MnSe4,ICSD,1.40724,0.439989
10444,43512,1000,Bi2SeTe2,ICSD,1.4066,0.443038
10487,616725,1000,Bi3In4Pb,ICSD,1.40657,0.42871
68462,600559,1000,Ga5OsU,ICSD,1.40651,0.58513
506,2310025,1000,AgAuZn2,COD,1.40641,0.49335
11250,153603,1000,Br3CsHg,ICSD,1.40636,0.642964
78593,1523258,1000,NiTl,COD,1.40629,0.527205
81671,427738,1000,SmTe6Tl9,ICSD,1.40626,0.441863
10299,604364,1000,Bi2EuPd2,ICSD,1.40617,0.607133
75836,642602,1000,LuSe2Tl,ICSD,1.40571,0.646858
72223,1522353,1000,Hg3Sc,COD,1.40555,0.601887
4708,1510416,1000,Au2Ge2Th,COD,1.40525,0.648798
72259,107482,1000,Hg7K2,ICSD,1.40494,0.650823
63830,413309,1000,CuHgIS,ICSD,1.40482,0.645036
4680,421997,1000,Au2EuGe2,ICSD,1.40433,0.673201
4656,246610,1000,Au2CeGe2,ICSD,1.40398,0.662311
68073,634454,1000,Ga16Ir7Sc6,ICSD,1.40379,0.551751
70501,80292,1000,GeTe3Tl2,ICSD,1.40341,0.451604
3592,75169,1000,As3BrHg2,ICSD,1.40321,0.44439
72148,240039,1000,Hg11K3,ICSD,1.40316,0.647901
81510,80804,1000,Se4SnTl3,ICSD,1.40295,0.464779
62511,88612,1000,CsI3Re6Se8,ICSD,1.40285,0.658559
5010,1510612,1000,AuBrSe,COD,1.40273,0.489409
800,1509393,1000,AgI3Tl2,COD,1.4027,0.477279
69330,427737,1000,GdTe6Tl9,ICSD,1.40233,0.445085
68384,250747,1000,Ga4GePb4Se12,ICSD,1.4023,0.393056
5152,9008926,1000,AuGa,COD,1.40202,0.475483
4706,164729,1000,Au2Ge2Nd,ICSD,1.40199,0.677242
72861,4106340,1000,I4SeTl6,COD,1.40195,0.405518
81491,651938,1000,Se3SnTl4,ICSD,1.40152,0.436516
68074,634458,1000,Ga16Ir7Ti6,ICSD,1.4011,0.540525
68075,634465,1000,Ga16Ir7Zr6,ICSD,1.40096,0.54178
1004,4000527,1000,AgSe27Ti6Tl5,COD,1.40094,0.487212
5205,7209388,1000,AuI3K,COD,1.40063,0.654051
1640,417776,1000,Al3Bi5Br12,ICSD,1.40041,0.539112
56401,5910146,1000,CaTl3,COD,1.39994,0.595063
11371,419826,1000,Br4GaTl,ICSD,1.39978,0.446354
11517,78874,1000,Br6Pb2Pd,ICSD,1.39958,0.428082
11216,1527495,1000,Br2Tl,COD,1.39915,0.456075
11800,75960,1000,BrSe2Tl5,ICSD,1.39889,0.452332
69641,416424,1000,Ge2Pt2Sm,ICSD,1.39869,0.659687
80213,78786,1000,Pd2Se3Tl,ICSD,1.39855,0.446807
80176,261016,1000,PbSe3Tl4,ICSD,1.39852,0.446458
67997,1524708,1000,FeSe2Tl,COD,1.39846,0.509293
10844,2010577,1000,BiISe,COD,1.39824,0.459928
11445,1527625,1000,Br5PbTl3,COD,1.39821,0.455873
553,170640,1000,AgBiP2Se6,ICSD,1.39733,0.532149
11493,1525715,1000,Br6HgTl4,COD,1.3973,0.457369
11390,415203,1000,Br4NbOTl,ICSD,1.39724,0.612301
80423,1523089,1000,PoZn,COD,1.39722,0.479459
72318,7221237,1000,HgNi,COD,1.39703,0.529213
72808,161482,1000,I3PbRb,ICSD,1.39698,0.647625
11342,391171,1000,Br3Tl2,ICSD,1.39682,0.461283
8937,58635,1000,BaBi2Cd,ICSD,1.39675,0.611654
69644,657185,1000,Ge2Pt2U,ICSD,1.39656,0.642589
10762,422827,1000,BiCu4ISe4,ICSD,1.39617,0.483378
68542,658057,1000,Ga9Pt2Yb3,ICSD,1.39612,0.604458
80672,649563,1000,PtSbSe,ICSD,1.39597,0.449702
11231,39808,1000,Br3CdTl,ICSD,1.39546,0.448382
68540,658056,1000,Ga9Pt2Tm3,ICSD,1.3953,0.600562
64858,658055,1000,Er3Ga9Pt2,ICSD,1.39499,0.595761
80307,648842,1000,Pd5SeTl,ICSD,1.39496,0.402108
72369,4000660,1000,HgSnTe4Tl2,COD,1.3948,0.407971
70106,1532042,1000,GeHg2Se4,COD,1.3945,0.442865
65441,416422,1000,EuGe2Pt2,ICSD,1.39326,0.65963
80137,1522494,1000,Pb9Pd13,COD,1.39322,0.487877
5316,150127,1000,AuNi2Sn4,ICSD,1.39311,0.43615
3414,1001415,1000,As2Hg4I3,COD,1.39296,0.425521
72357,262390,1000,HgRb2SnTe4,ICSD,1.39292,0.692863
70018,415756,1000,Ge6Pt4Sm3,ICSD,1.39216,0.656155
4823,611824,1000,Au3Er3Ga8,ICSD,1.39207,0.625092
68612,419824,1000,GaI4Tl,ICSD,1.39199,0.463094
4991,1510365,1000,AuBi9Br9,COD,1.3919,0.446056
11709,109010,1000,BrHgI,ICSD,1.39158,0.46802
4742,1510438,1000,Au2InZr,COD,1.39156,0.607374
11291,417407,1000,Br3Hg2Te,ICSD,1.39123,0.45718
57873,427736,1000,CeTe6Tl9,ICSD,1.39074,0.441049
69645,637662,1000,Ge2Pt2Y,ICSD,1.39074,0.673731
69643,53888,1000,Ge2Pt2Th,ICSD,1.39053,0.667314
69637,637609,1000,Ge2PrPt2,ICSD,1.39012,0.668144
9331,174551,1000,BaGe12Pt4,ICSD,1.38988,0.55893
57046,620548,1000,CdTe2Tl,ICSD,1.3897,0.425793
81809,4000783,1000,Te3Tl2Zr,COD,1.38931,0.511262
68532,658054,1000,Ga9Ho3Pt2,ICSD,1.38928,0.592193
56870,4510235,1000,CdI6Tl4,COD,1.38925,0.457428
3887,62518,1000,As6Pt4Sr,ICSD,1.38919,0.56505
64400,658053,1000,Dy3Ga9Pt2,ICSD,1.38917,0.591446
73130,4302601,1000,In2Pb4Sb4Se13,COD,1.38905,0.404935
69585,53733,1000,Ge2NdPt2,ICSD,1.3889,0.665209
63453,413485,1000,Cu6Sn5Yb3,ICSD,1.38885,0.588063
68343,7221119,1000,Ga3Pt2,COD,1.38884,0.499972
955,605633,1000,AgPPt5,ICSD,1.38846,0.559446
68239,55573,1000,Ga2Pt,ICSD,1.38846,0.495305
68511,635137,1000,Ga7Pt3,ICSD,1.38836,0.493093
68824,635132,1000,GaPt,ICSD,1.38828,0.500416
10453,408138,1000,Bi34Br37Ir3,ICSD,1.38826,0.449388
69951,165822,1000,Ge5Pt3Sm2,ICSD,1.38811,0.637206
68078,635027,1000,Ga16Os7Ti6,ICSD,1.38789,0.539065
79967,647975,1000,PPt5Tl,ICSD,1.38776,0.531887
79966,647972,1000,PPt5Sn,ICSD,1.38762,0.536094
11804,109144,1000,BrTl,ICSD,1.38759,0.449688
80242,649055,1000,Pd2Tl,ICSD,1.38741,0.451928
80090,648361,1000,Pb3Pd5,ICSD,1.38729,0.481174
3868,62519,1000,As6BaPt4,ICSD,1.38721,0.571888
5153,188888,1000,AuGa2,ICSD,1.3872,0.492295
70017,415757,1000,Ge6Pr3Pt4,ICSD,1.38707,0.658701
11376,82788,1000,Br4Hg3Te,ICSD,1.38648,0.454847
72355,185808,1000,HgPt2Se3,ICSD,1.38603,0.464747
7960,425159,1000,Ba2BiGaTe5,ICSD,1.38594,0.630558
55195,77040,1000,CInPt3,ICSD,1.38527,0.633424
81499,652069,1000,Se3Tl2,ICSD,1.38501,0.42977
4914,4315490,1000,Au50Ca13Ge22,COD,1.3849,0.634009
4960,426464,1000,Au6Sr2Zn3,ICSD,1.38459,0.653978
72207,639074,1000,Hg3Li,ICSD,1.38444,0.608582
68344,1523253,1000,Ga3Pt5,COD,1.38431,0.476422
10430,58840,1000,Bi2Pd5,ICSD,1.38423,0.423537
80398,1524515,1000,PdTl2,COD,1.38411,0.463886
65643,7221480,1000,EuPdTl2,COD,1.38406,0.617167
69506,53665,1000,Ge2LaPt2,ICSD,1.38393,0.677754
69102,635774,1000,GdGe2Pt2,ICSD,1.38373,0.66715
4888,426150,1000,Au4CeZn2,ICSD,1.3829,0.603587
76534,1522488,1000,MnPtSn,COD,1.38287,0.661327
10929,616868,1000,BiNi,ICSD,1.38271,0.51012
73542,4000513,1000,InP2Se6Tl,COD,1.38271,0.510602
5087,1510105,1000,AuCsSe3,COD,1.3823,0.655592
10672,424531,1000,BiBr8O2W2,ICSD,1.38206,0.609254
61620,4031247,1000,CrPb2,COD,1.38199,0.581966
11569,203188,1000,Br8Hg2PdRb2,ICSD,1.38197,0.630193
55366,108179,1000,CPt3Sn,ICSD,1.38162,0.628125
11012,617196,1000,BiTeTh,ICSD,1.38156,0.663563
5207,1510186,1000,AuI4K,COD,1.38091,0.635021
11596,402033,1000,Br9Nb3Tl2,ICSD,1.38075,0.559342
10510,616947,1000,Bi3Pd8,ICSD,1.38037,0.419232
10418,78747,1000,Bi2P3Se9,ICSD,1.38035,0.528819
254,1509884,1000,Ag3AuSe2,COD,1.37999,0.388908
68825,1523391,1000,GaPt2,COD,1.37979,0.484215
75606,1522019,1000,LiPbPd2,COD,1.37961,0.680915
2715,419827,1000,AlI4Tl,ICSD,1.37912,0.560718
80655,4343873,1000,Pt8Sb11Sn14,COD,1.3791,0.427184
54726,617925,1000,CGaPt3,ICSD,1.37884,0.620554
11005,617113,1000,BiSe2Tl,ICSD,1.37878,0.417784
57557,61371,1000,CeGe2Pt2,ICSD,1.37792,0.675659
10979,9004224,1000,BiPd,COD,1.37769,0.470797
73826,1529009,1000,IrLiSn4,COD,1.37747,0.554109
72219,190969,1000,Hg3Pd8Se9,ICSD,1.3774,0.433456
70019,76293,1000,Ge6Pt4Y3,ICSD,1.37729,0.656659
4694,1510410,1000,Au2Ga,COD,1.37681,0.484741
68711,108482,1000,GaMnPt,ICSD,1.37676,0.6484
2309,419829,1000,AlBr4Tl,ICSD,1.37608,0.524463
11803,427679,1000,BrTe2Tl5,ICSD,1.37594,0.420796
73659,1527853,1000,InTe2Tl,COD,1.37573,0.441306
80175,648539,1000,PbSe2Ta,ICSD,1.37563,0.597678
73547,640194,1000,InPPt5,ICSD,1.3756,0.532714
80074,1524520,1000,Pb2Pd,COD,1.37528,0.468845
65432,174556,1000,EuGe12Pt4,ICSD,1.37464,0.556211
71980,69064,1000,Hf3K4Te17,ICSD,1.3746,0.649997
10198,418555,1000,Bi20Br36Pt3,ICSD,1.37413,0.454836
72253,2310198,1000,Hg5Mn2,COD,1.37361,0.534967
69712,169228,1000,Ge3Ir2Se3,ICSD,1.37356,0.496972
63369,629135,1000,Cu4Se3Tl,ICSD,1.3733,0.419257
3105,174366,1000,As2AuTb,ICSD,1.37322,0.665882
68079,635029,1000,Ga16Os7Zr6,ICSD,1.37321,0.545643
3321,418152,1000,As2EuPt2,ICSD,1.37285,0.653642
10501,391336,1000,Bi3Ni,ICSD,1.37129,0.47677
10607,418335,1000,Bi6Br10Pt,ICSD,1.37106,0.45332
5002,2206091,1000,AuBr3Cs,COD,1.371,0.65511
69372,174554,1000,Ge12PrPt4,ICSD,1.37091,0.553802
10588,245691,1000,Bi5Ce2Rh3,ICSD,1.37,0.618858
80088,1527566,1000,Pb2Se4Si,COD,1.36991,0.50984
5102,4331413,1000,AuCuSe4,COD,1.36968,0.409915
69370,174555,1000,Ge12NdPt4,ICSD,1.3695,0.554006
157,412477,1000,Ag2KSe4Ta,ICSD,1.36934,0.673367
4916,181528,1000,Au5BaGe2,ICSD,1.36922,0.60277
81557,9008952,1000,SeTl,COD,1.36873,0.450921
5209,1510187,1000,AuI4Li,COD,1.36862,0.61476
5003,1510367,1000,AuBr3Rb,COD,1.36839,0.650832
10560,406949,1000,Bi4I2Ru,ICSD,1.3682,0.432022
11209,9009196,1000,Br2Pb,COD,1.36806,0.442222
68539,658052,1000,Ga9Pt2Tb3,ICSD,1.36795,0.584332
68799,635044,1000,GaPPt5,ICSD,1.36786,0.537323
57047,620549,1000,CdTe4Tl2,ICSD,1.3678,0.418233
72256,4319348,1000,Hg5Rb4Te13,COD,1.36725,0.628813
4525,23540,1000,AsPd5Tl,ICSD,1.36721,0.44703
69505,636838,1000,Ge2LaPt,ICSD,1.36663,0.649927
57556,601774,1000,CeGe2Pt,ICSD,1.36648,0.655651
5362,391381,1000,AuSbTl,ICSD,1.36639,0.456575
72349,639142,1000,HgPd5Se,ICSD,1.36632,0.404828
11518,21039,1000,Br6Pb4Se,ICSD,1.36625,0.4421
5250,1510207,1000,AuKSe5,COD,1.36614,0.576233
57015,1524674,1000,CdPt2Zn,COD,1.36611,0.514298
4629,4308151,1000,Au2BaIn2,COD,1.36605,0.651975
9757,58669,1000,BaPb6Rh3,ICSD,1.36603,0.602347
4577,412790,1000,AsSe2Tl,ICSD,1.36571,0.418763
77946,645699,1000,Nd4Pb19Rh6,ICSD,1.36549,0.593147
80073,648429,1000,Pb19Rh6Sm4,ICSD,1.36494,0.582892
62264,413678,1000,CsCu3Lu2Se5,ICSD,1.36484,0.68127
11364,402064,1000,Br4FeTl,ICSD,1.36475,0.47431
10769,170643,1000,BiCuP2Se6,ICSD,1.36465,0.524227
73601,640309,1000,InPt5Si,ICSD,1.36439,0.563582
62951,603428,1000,Cu2LuSn2,ICSD,1.36419,0.576986
57548,174553,1000,CeGe12Pt4,ICSD,1.36404,0.559729
80080,1524519,1000,Pb2Rh,COD,1.36374,0.5182
69368,174552,1000,Ge12LaPt4,ICSD,1.3628,0.55582
10846,1527695,1000,BiIn,COD,1.36268,0.443872
72348,9004221,1000,HgPd,COD,1.36258,0.471598
5095,611753,1000,AuCu4Er,ICSD,1.36239,0.628005
72905,73139,1000,I6PbTh,ICSD,1.36227,0.550943
1010,1509539,700,AgSeTl,COD,1.36215,0.352246
5155,156265,1000,AuGaHf,ICSD,1.36155,0.700594
795,1509391,1000,AgI2Tl,COD,1.36151,0.480008
5097,611759,1000,AuCu4Ho,ICSD,1.36121,0.627761
11078,77355,1000,Br17Nb6STl3,ICSD,1.36074,0.60581
11533,99127,1000,Br6TeTl2,ICSD,1.36072,0.437322
81494,415528,1000,Se3TaTl,ICSD,1.36058,0.591575
80172,154528,1000,PbSc2Se4,ICSD,1.36032,0.620753
68231,635052,1000,Ga2PbSe4,ICSD,1.36023,0.385119
557,9001316,1000,AgBiTe2,COD,1.35933,0.44094
4827,245680,1000,Au3EuIn3,ICSD,1.35932,0.558163
55677,619308,1000,Ca3Ge13Ir4,ICSD,1.35924,0.596679
65450,8102937,1000,EuGe3Pt,COD,1.35911,0.638672
57011,1525466,1000,CdPo,COD,1.35906,0.470678
70126,201144,1000,GeI3Tl,ICSD,1.35852,0.456265
10557,42891,1000,Bi4GeTe7,ICSD,1.35836,0.456001
68320,402329,1000,Ga3NaTe5,ICSD,1.35811,0.516151
63044,80281,1000,Cu2RbTaTe4,ICSD,1.35797,0.676331
64550,629802,1000,DyGe2Pt2,ICSD,1.35772,0.658978
69650,601773,1000,Ge2PtY,ICSD,1.35762,0.640095
10458,411096,1000,Bi3BrSe4,ICSD,1.35757,0.442438
4972,4335107,1000,Au8Sn3Sr3,COD,1.35746,0.657515
10316,30394,1000,Bi2GeTe4,ICSD,1.35657,0.454088
69825,152947,1000,Ge3Yb2Zn3,ICSD,1.35596,0.58572
72668,639771,1000,HoTe2Tl,ICSD,1.35561,0.592852
4895,4110909,1000,Au4In2Rb,COD,1.35552,0.618365
4738,1510434,1000,Au2InU,COD,1.35535,0.632219
70335,87348,1000,GeNiPt2,ICSD,1.35527,0.572546
80115,1523308,1000,Pb3Y,COD,1.35418,0.642696
80177,237508,700,PbSe4Tl2Zr,ICSD,1.35408,0.394341
5030,1510079,1000,AuCdSb,COD,1.35391,0.440443
10426,9012857,1000,Bi2Pd,COD,1.3537,0.458319
10578,4340717,1000,Bi4Pb7Se13,COD,1.35365,0.422781
72191,1531463,1000,Hg2Se4Sn,COD,1.35329,0.421637
5100,611773,1000,AuCu4Yb,ICSD,1.35316,0.626265
72227,4000819,1000,Hg3Te4Tl2,COD,1.35295,0.427768
4945,5910022,1000,Au5Zn8,COD,1.35295,0.50926
57000,620224,1000,CdPPt5,ICSD,1.35228,0.535489
81500,20826,1000,Se3Tl5,ICSD,1.35207,0.452137
4634,4338536,1000,Au2BaSn2,COD,1.35197,0.654945
10488,1527696,1000,Bi3In5,COD,1.35194,0.431851
10980,58842,1000,BiPd2Y,ICSD,1.35177,0.607652
68042,260384,1000,Ga10Os3Tm2,ICSD,1.35157,0.591624
5094,611752,1000,AuCu4Dy,ICSD,1.35157,0.630517
63420,88202,1000,Cu5Se3Tl,ICSD,1.35143,0.396276
11598,36007,700,Br9O4Pb8Tl,ICSD,1.35113,0.490557
3104,420632,1000,As2AuSm,ICSD,1.35104,0.677156
79968,647976,1000,PPt5Zn,ICSD,1.35063,0.540229
9349,8102935,1000,BaGe3Pt,COD,1.35043,0.654489
72365,56210,1000,HgSe,ICSD,1.35023,0.42169
68132,412753,1000,Ga2HfNi,ICSD,1.35019,0.54875
10850,616741,1000,BiIrSe,ICSD,1.35,0.552184
3742,411239,700,As4Br7Hg6Ti,ICSD,1.34993,0.411953
80654,1523368,1000,Pt7Zn12,COD,1.34944,0.501156
10547,4112588,1000,Bi4CsTe6,COD,1.34919,0.528853
72703,380350,1000,I20Se28Ta7U4,ICSD,1.3491,0.581808
73597,59506,1000,InPt2Zr,ICSD,1.34899,0.611553
80551,154695,1000,Pt29Zn49,ICSD,1.34888,0.501354
55354,77234,1000,CPbPt3,ICSD,1.34856,0.633351
68135,53575,1000,Ga2HgTe4,ICSD,1.34824,0.436372
10185,410739,700,Bi14I12RhSi2,ICSD,1.34787,0.333719
10502,1519106,1000,Bi3Ni7,COD,1.34773,0.54699
81362,380377,1000,Sb2YbZn2,ICSD,1.34744,0.559895
803,7209370,1000,AgI5Tl3,COD,1.3469,0.48987
68518,634445,1000,Ga8Ir3Lu3,ICSD,1.34616,0.597925
69683,26415,1000,Ge2Se5Tl2,ICSD,1.34609,0.395447
72872,151997,1000,I5InPb2,ICSD,1.34534,0.43567
11498,5910135,1000,Br6K2Pt,COD,1.34521,0.645624
81403,36537,1000,SbSe2Tl,ICSD,1.34481,0.403125
69402,184755,1000,Ge13Pt4Yb3,ICSD,1.34481,0.616528
72243,151197,1000,Hg4Ni,ICSD,1.34464,0.500663
80731,1522602,1000,PtZn,COD,1.34456,0.500754
10420,30372,1000,Bi2Pb2Se5,ICSD,1.34454,0.425054
81730,69562,1000,SnTe3Tl2,ICSD,1.34436,0.408038
56612,4334059,1000,Cd4Pt2Sr,COD,1.34415,0.575048
10660,411136,1000,Bi9I3Rh2,ICSD,1.34409,0.417462
64737,630345,1000,DyTe2Tl,ICSD,1.34388,0.595842
10667,1528272,1000,BiBr,COD,1.34369,0.443934
5404,1510322,1000,AuZn,COD,1.34342,0.504759
10847,1527697,1000,BiIn2,COD,1.34335,0.423923
2,2310013,1000,AcBr3,COD,1.34238,0.669245
10609,1528273,1000,Bi6Br7,COD,1.34238,0.446172
55701,619385,1000,Ca3Ir4Sn13,ICSD,1.34222,0.52402
4962,4325765,1000,Au7Cd16Na6,COD,1.34213,0.592216
3100,174365,1000,As2AuGd,ICSD,1.34212,0.671509
80087,251136,700,Pb2Se25Ti7Tl18,ICSD,1.34146,0.375395
4788,1510466,1000,Au2SnU,COD,1.34099,0.629224
70028,411619,1000,Ge6Tm4Zn5,ICSD,1.34059,0.586601
4850,1510505,1000,Au3Li,COD,1.34054,0.655687
11162,1010615,1000,Br2Hg,COD,1.34042,0.46203
72257,192582,1000,Hg6K,ICSD,1.34021,0.577752
4339,416238,1000,AsHg4I5,ICSD,1.34013,0.451688
11705,9014145,1000,BrHg,COD,1.34005,0.454708
3102,420631,1000,As2AuNd,ICSD,1.33994,0.67614
80359,79601,700,PdSe2Tl2,ICSD,1.33943,0.352053
72203,65806,1000,Hg3I2Te2,ICSD,1.33942,0.442045
74840,641650,1000,La3Pb13Rh4,ICSD,1.33942,0.617829
4357,610708,1000,AsInPt5,ICSD,1.33937,0.46799
64772,260383,1000,Er2Ga10Os3,ICSD,1.33904,0.591648
5098,611769,1000,AuCu4Tb,ICSD,1.33875,0.628159
72190,1527352,1000,Hg2Rh,COD,1.33871,0.461375
10314,1527926,1000,Bi2Ge3Te6,COD,1.33832,0.442359
5091,1510113,1000,AuCu,COD,1.33826,0.531795
80574,1522860,1000,Pt2Sn3,COD,1.33808,0.392347
68587,189076,1000,GaHf2Sb3,ICSD,1.338,0.581999
81731,1523050,1000,SnTe3Tl4,COD,1.33788,0.396976
62879,1010460,1000,Cu2HgI4,COD,1.33771,0.478862
10981,58839,1000,BiPd3,ICSD,1.33743,0.460334
72860,4001792,700,I4STl6,COD,1.33712,0.350706
63068,9008064,1000,Cu2Se,COD,1.33712,0.292847
68381,413536,1000,Ga4Ge6Yb3,ICSD,1.33707,0.546933
65453,190715,1000,EuGe7Ir3,ICSD,1.33705,0.624025
80174,174577,1000,PbSe2,ICSD,1.33674,0.431916
72904,25304,700,I6Pb5S2,ICSD,1.3364,0.410759
10433,2101560,1000,Bi2Rh,COD,1.33593,0.473998
3103,174363,1000,As2AuPr,ICSD,1.33556,0.667952
4539,611244,1000,AsPt5Zn,ICSD,1.33508,0.495084
4845,4317041,1000,Au3In5Yb2,COD,1.33502,0.583422
68865,182921,1000,GaSe4Ta4Te4,ICSD,1.33441,0.672651
5006,8103439,1000,AuBr4Rb,COD,1.33437,0.630507
4355,193116,1000,AsIn2Pt8,ICSD,1.33427,0.462724
81862,1527196,1000,Tl3Y,COD,1.33409,0.615996
255,1509890,1000,Ag3AuTe2,COD,1.334,0.399498
70504,69035,1000,GeTe5Tl2,ICSD,1.33367,0.419756
10970,616892,1000,BiOsSe,ICSD,1.33337,0.579243
76519,1522968,1000,MnPbRh2,COD,1.33334,0.601768
10845,1523008,1000,BiITe,COD,1.33304,0.463006
74687,85460,1000,KSb2Se6Th,ICSD,1.33298,0.600618
5287,1510238,1000,AuMnSb,COD,1.33283,0.665697
70020,658747,1000,Ge6PtYb2,ICSD,1.33275,0.633764
62257,81996,1000,CsCu2TaTe4,ICSD,1.3326,0.676366
72252,74921,1000,Hg5I6Sb2,ICSD,1.33258,0.428046
4825,1510494,1000,Au3Eu2In4,COD,1.33254,0.625173
242,8103410,1000,Ag36Te22Tl7,COD,1.3324,0.417717
10814,408442,1000,BiGa2Se4,ICSD,1.33232,0.396436
73785,641056,1000,Ir4Sn13Sr3,ICSD,1.33188,0.571981
80029,600787,700,PSe4Tl3,ICSD,1.33169,0.337128
72783,26421,1000,I3MnTl,ICSD,1.33166,0.520315
72277,5910288,1000,HgIn2Se4,COD,1.33164,0.411067
4934,1510565,1000,Au5K,COD,1.33148,0.631619
80071,648389,1000,Pb13Pr3Rh4,ICSD,1.33133,0.62243
3871,180763,1000,As6BiK3Se12,ICSD,1.33095,0.547306
10997,9008914,1000,BiRh,COD,1.33088,0.525671
59928,1531163,1000,Co2Se2Tl,COD,1.33063,0.548086
75691,642494,1000,Lu2PbSe4,ICSD,1.33055,0.65881
11401,40521,700,Br4STl6,ICSD,1.33049,0.363566
80281,1522856,1000,Pd3Tl,COD,1.33035,0.495086
72241,80588,1000,Hg4I3Sb2,ICSD,1.33033,0.412439
56476,63340,1000,Cd2I7Tl3,ICSD,1.33017,0.471597
72366,247763,700,HgSe4SiTl2,ICSD,1.33014,0.322659
80144,1523932,1000,PbPd2Y,COD,1.33006,0.631236
11471,77381,1000,Br6Cs2Pt,ICSD,1.33005,0.654569
81522,4324132,700,Se4Tl4Zr,COD,1.32952,0.372356
65353,631512,1000,Eu3Pb13Rh4,ICSD,1.32901,0.612282
5092,9013496,1000,AuCu3,COD,1.32891,0.552375
2296,414262,1000,AlBiBr6,ICSD,1.32862,0.48853
69796,168863,1000,Ge3PtSr,ICSD,1.32848,0.638751
77885,4335669,1000,Nd2PbZn5,COD,1.32797,0.598049
4838,4117647,1000,Au3GeSr,COD,1.32788,0.68618
10443,617096,1000,Bi2Se3,ICSD,1.3277,0.454899
10671,411218,700,BiBr7Hg6Sb4,ICSD,1.32759,0.39822
5000,1510609,1000,AuBr,COD,1.3275,0.45662
68134,5910282,1000,Ga2HgSe4,COD,1.3275,0.407935
80173,648514,1000,PbSe,ICSD,1.32742,0.417851
497,32031,1000,AgAu3I8Rb2,ICSD,1.32724,0.631221
73647,640520,1000,InSe2Ta,ICSD,1.32701,0.584069
4342,610664,1000,AsHgPd5,ICSD,1.3261,0.454788
10581,9011943,1000,Bi4Se3,COD,1.32608,0.440229
62928,75112,1000,Cu2KSe4Ta,ICSD,1.32591,0.667135
65446,631294,1000,EuGe3Ir,ICSD,1.32574,0.63116
5335,4000517,700,AuPSe3Tl,COD,1.32573,0.397646
68062,153211,1000,Ga12PtTb4,ICSD,1.32544,0.559325
68541,658051,1000,Ga9Pt2Y3,ICSD,1.3251,0.5702
73057,415864,1000,In22Nd6Pt13,ICSD,1.325,0.551929
4734,1510431,1000,Au2InTh,COD,1.32488,0.640039
4992,1510598,1000,AuBiBr6,COD,1.32474,0.452037
10516,20386,1000,Bi3Se4,ICSD,1.32464,0.452347
69401,189406,1000,Ge13Pt4Y3,ICSD,1.32456,0.600702
1030,1509557,700,AgTeTl,COD,1.32455,0.30393
81519,36370,700,Se4TiTl4,ICSD,1.32423,0.362366
11428,237339,700,Br5Hg6S4Tl,ICSD,1.32384,0.504858
69640,43684,1000,Ge2Pt,ICSD,1.32376,0.528097
57534,412145,1000,CeGa4Os,ICSD,1.32358,0.567752
69642,637655,1000,Ge2Pt2Tb,ICSD,1.32353,0.660972
69794,43683,1000,Ge3Pt2,ICSD,1.32333,0.527642
11292,411521,700,Br3Hg3Sb2Tl,ICSD,1.32283,0.401825
68069,634317,1000,Ga16Hf6Ni7,ICSD,1.32267,0.526568
5405,1510324,1000,AuZn3,COD,1.32162,0.515136
10649,42665,1000,Bi8Se9,ICSD,1.32157,0.446698
81808,410895,1000,Te3Tl2,ICSD,1.32135,0.373707
11004,9008603,1000,BiSe,COD,1.32115,0.441482
4658,4333317,1000,Au2CeIn4,COD,1.32114,0.544847
5103,611768,700,AuCuSn,ICSD,1.32106,0.355682
10836,417537,1000,BiI6Tl3,ICSD,1.32084,0.431233
81778,652962,1000,TbTe2Tl,ICSD,1.32037,0.614033
73846,1522487,1000,IrMnSn,COD,1.3203,0.662057
3803,410814,700,As4Hg7I6Sn,ICSD,1.32003,0.378166
4964,1510585,1000,Au7Ga2,COD,1.32003,0.491228
57030,7222183,700,CdSbTl,COD,1.31996,0.290027
4814,1510487,1000,Au3Ce2In5,COD,1.31957,0.603269
11455,411965,1000,Br5Te4U,ICSD,1.31951,0.4924
3740,411861,700,As4Br6Hg6Sn,ICSD,1.31928,0.394397
10485,417538,1000,Bi3I16Tl7,ICSD,1.31921,0.430355
3739,417039,700,As4Br6CdHg6,ICSD,1.31906,0.402302
73044,415513,1000,In16Pt7Tb2,ICSD,1.31892,0.481765
10184,410740,700,Bi14I12IrSi2,ICSD,1.31872,0.340185
64333,412576,1000,Dy2In16Pt7,ICSD,1.31857,0.481291
9343,174264,1000,BaGe3Ir,ICSD,1.31845,0.647168
68237,600145,1000,Ga2PdYb,ICSD,1.31842,0.544755
70313,186940,1000,GeNbPt,ICSD,1.31835,0.71944
80160,105607,1000,PbRh,ICSD,1.31796,0.578284
5125,7209385,1000,AuEuIn2,COD,1.31783,0.629725
4807,1510482,700,Au3Ca2In4,COD,1.31783,0.476683
73287,402126,1000,In5Se7Tl,ICSD,1.31755,0.438156
11274,36217,1000,Br3FeTl,ICSD,1.31754,0.508809
10534,415130,700,Bi4Br4Ga,ICSD,1.31734,0.304283
80185,648621,1000,PbTe3Tl4,ICSD,1.31714,0.404281
80604,77955,1000,Pt3Se8Ta2,ICSD,1.31702,0.559739
11041,33911,1000,Br10RbRe3,ICSD,1.31664,0.630304
4643,7209399,1000,Au2Br11Cs3,COD,1.31647,0.653657
81669,652677,1000,SmTe2Tl,ICSD,1.3162,0.623844
8963,78770,1000,BaBr6Th,ICSD,1.31618,0.662644
4721,4333316,1000,Au2In4La,COD,1.31618,0.547503
72255,1523591,1000,Hg5Pd2,COD,1.31571,0.460413
10648,42664,1000,Bi8Se7,ICSD,1.31544,0.441773
80642,649564,1000,Pt5SbSi,ICSD,1.31498,0.589085
63827,190121,1000,CuHfSn,ICSD,1.3149,0.633253
72147,410566,1000,Hg11K,ICSD,1.31475,0.551364
72273,1527143,1000,HgI6Tl4,COD,1.31459,0.444278
62746,413486,1000,Cu11Sn8Yb5,ICSD,1.31436,0.565766
11595,418796,700,Br9Nb2S4Tl5,ICSD,1.31431,0.535629
56825,4000657,700,CdGeTe4Tl2,COD,1.31375,0.249977
70109,4000659,700,GeHgTe4Tl2,COD,1.31336,0.260821
68166,600155,1000,Ga2LuPd,ICSD,1.31331,0.555023
72884,86895,1000,I5PbTl3,ICSD,1.31291,0.431394
72809,7221381,1000,I3PbTl,COD,1.31283,0.424313
57617,54553,1000,CeIn2Pt2,ICSD,1.31268,0.626403
3741,411481,700,As4Br7CrHg6,ICSD,1.31264,0.410226
11492,411860,700,Br6Hg7P4Sn,ICSD,1.31249,0.492994
72906,7221245,1000,I6PbTl4,COD,1.31238,0.432845
80534,649434,1000,PrTe2Tl,ICSD,1.31221,0.630241
4681,4508133,1000,Au2EuIn4,COD,1.31211,0.556063
56141,58902,1000,CaHg11,ICSD,1.31197,0.525345
78095,646038,1000,NdTe2Tl,ICSD,1.31195,0.627427
10441,9008043,700,Bi2STe2,COD,1.3118,0.455908
72234,1522700,1000,Hg3Zr,COD,1.31105,0.576745
70101,25741,1000,GeHfSe,ICSD,1.31083,0.664583
10673,421436,1000,BiBr9W3,ICSD,1.31071,0.557403
70102,25743,1000,GeHfTe,ICSD,1.31068,0.633349
68145,413557,1000,Ga2Ir,ICSD,1.31025,0.531482
63645,627409,1000,CuGaHf,ICSD,1.31014,0.666249
3161,415410,700,As2Br3CuHg3,ICSD,1.31004,0.421124
80584,78787,1000,Pt2Te3Tl,ICSD,1.30985,0.437529
5214,9009001,1000,AuIn2,COD,1.30974,0.43099
68990,412440,1000,Gd3In12Pt4,ICSD,1.30971,0.546793
68070,634323,1000,Ga16Hf6Pd7,ICSD,1.3097,0.52838
11044,26062,1000,Br11Cs2Re3,ICSD,1.30939,0.680455
10669,83806,1000,BiBr4Te2,ICSD,1.30934,0.429199
72343,639129,1000,HgPPt5,ICSD,1.30928,0.527364
68537,635101,1000,Ga9Pd2Yb3,ICSD,1.30895,0.538245
69992,411620,1000,Ge6Lu4Zn5,ICSD,1.30886,0.58858
72833,36599,1000,I4InLi,ICSD,1.30881,0.599943
499,2310024,1000,AgAuCd2,COD,1.3086,0.457084
11393,49547,1000,Br4OW,ICSD,1.30859,0.603334
72807,418344,700,I3Pb2S2Sb,ICSD,1.30845,0.474701
69382,636735,1000,Ge13Ir4Sm3,ICSD,1.30818,0.618642
72367,247764,700,HgSe4SnTl2,ICSD,1.30817,0.316171
80075,648365,700,Pb2Pd3Se2,ICSD,1.30815,0.367535
64413,415755,1000,Dy3Ge6Pt4,ICSD,1.30804,0.652274
55352,108178,1000,CPbPd3,ICSD,1.30784,0.62417
63119,154741,1000,Cu3ErTe3,ICSD,1.30774,0.550016
64912,425797,1000,Er4Ge6Zn5,ICSD,1.30764,0.583457
4898,411183,1000,Au4In7La3,ICSD,1.3076,0.6234
68402,4304492,1000,Ga4NaNdSe8,COD,1.30727,0.5691
68227,1522721,1000,Ga2Os,COD,1.3072,0.542711
80146,648357,1000,PbPd3,ICSD,1.30701,0.513115
4880,1510519,1000,Au3Zn,COD,1.30688,0.524563
57041,4000658,700,CdSnTe4Tl2,COD,1.30687,0.251765
11528,408596,1000,Br6Se8Ta3,ICSD,1.30672,0.503171
70272,4000661,700,GeMnTe4Tl2,COD,1.30648,0.286548
4724,4317042,1000,Au2In4Yb,COD,1.30638,0.53061
4848,4304502,700,Au3KSn3,COD,1.30637,0.494945
56474,58983,1000,Cd2Hg,ICSD,1.30624,0.430981
63274,154742,1000,Cu3Te3Tm,ICSD,1.30616,0.554351
56867,8009,1000,CdI3Tl,ICSD,1.30611,0.470762
73188,640301,1000,In3Pt2,ICSD,1.30601,0.443759
68129,1522868,1000,Ga2Hf,COD,1.30582,0.591371
81832,1521988,1000,TeTl,COD,1.30577,0.391613
10325,415012,1000,Bi2I9Tl3,ICSD,1.30573,0.424906
64584,187957,1000,DyIn4Pt4,ICSD,1.30573,0.532645
57560,161868,1000,CeGe3Ir,ICSD,1.30568,0.62903
73717,183636,1000,Ir2UZn20,ICSD,1.30553,0.506507
76585,4000662,700,MnSnTe4Tl2,COD,1.30545,0.293759
68440,1523046,1000,Ga5Ir3,COD,1.30545,0.537556
4040,609975,1000,AsCdPt5,ICSD,1.30542,0.472003
80879,65822,1000,Re3Se6Tl2,ICSD,1.30537,0.548456
11460,78768,1000,Br6CaTh,ICSD,1.30532,0.643656
63152,416814,1000,Cu3Ga8W2,ICSD,1.30503,0.524439
72017,251139,700,Hf7Pb2Se25Tl18,ICSD,1.30493,0.42024
4723,4333318,1000,Au2In4Pr,COD,1.30491,0.555466
5377,1510306,1000,AuSn2,COD,1.30472,0.387865
57334,150777,1000,Ce4Pt12Sn25,ICSD,1.3047,0.52544
64283,629347,700,CuTe3Tl4,ICSD,1.3046,0.307927
10324,1521926,1000,Bi2I9Rb3,COD,1.30454,0.659123
62876,54594,1000,Cu2HfIn,ICSD,1.30436,0.550231
64169,152521,700,CuPbSe3Yb,ICSD,1.30436,0.48799
80643,9012387,1000,Pt5Se4,COD,1.30401,0.457593
63643,4507418,1000,CuGa3Yb,COD,1.30377,0.535865
11359,26060,1000,Br4CsRe,ICSD,1.30371,0.689306
80131,1522492,1000,Pb5Rh4,COD,1.30355,0.576622
11530,78769,1000,Br6SrTh,ICSD,1.30354,0.649221
69381,636725,1000,Ge13Ir4Pr3,ICSD,1.30351,0.6258
10200,77842,1000,Bi23V4,ICSD,1.30342,0.504324
11548,420139,700,Br7Hg6InSb4,ICSD,1.30335,0.381154
4722,4333319,1000,Au2In4Nd,COD,1.30318,0.557564
72152,107452,1000,Hg19Rb5,ICSD,1.30314,0.643202
11081,77666,1000,Br18CsErTa6,ICSD,1.30313,0.650412
79747,290755,1000,Os2UZn20,ICSD,1.30297,0.512336
11329,31588,1000,Br3Pu,ICSD,1.3028,0.65796
5126,4508132,1000,AuEuIn4,COD,1.30274,0.558325
72931,4312159,1000,I8Se9Ta4,COD,1.30261,0.558096
68466,180364,1000,Ga5Pt,ICSD,1.30259,0.48705
11402,1527306,1000,Br4SW,COD,1.30251,0.594051
73136,9009034,1000,In2Pt,COD,1.30249,0.427528
57872,622280,1000,CeTe2Tl,ICSD,1.30231,0.634125
72262,107483,1000,Hg7Rb2,ICSD,1.30228,0.645652
538,412371,700,AgBi2ClSe3,ICSD,1.30219,0.460543
73306,8100596,1000,In7Pt3,COD,1.30159,0.426971
4819,1510492,1000,Au3Cu,COD,1.3013,0.557094
67267,53544,1000,Fe2Se2Tl,ICSD,1.30102,0.600879
69380,636718,1000,Ge13Ir4Nd3,ICSD,1.30099,0.623246
69714,161873,1000,Ge3IrLa,ICSD,1.30087,0.633298
3743,413988,700,As4Br7Hg6Yb,ICSD,1.30074,0.444668
10668,8103605,1000,BiBr3,COD,1.3005,0.465422
4732,1510429,1000,Au2InTb,COD,1.30036,0.621962
78206,86174,1000,Ni2SeTaTe,ICSD,1.30009,0.633812
10763,9014412,1000,BiCu6Se6,COD,1.30008,0.426397
76533,643377,1000,MnPtSb,ICSD,1.30003,0.658116
67570,4318855,1000,FeGa6Ge6Tb4,COD,1.29915,0.571035
56569,76500,700,Cd3Sb3Tl2,ICSD,1.29906,0.293188
4367,413600,1000,AsK3Se11Ta2,ICSD,1.29904,0.65811
73028,60491,1000,ITl,ICSD,1.2989,0.432704
11539,408570,1000,Br7CuW3,ICSD,1.29866,0.59722
72093,237510,700,HfPbSe4Tl2,ICSD,1.29848,0.420601
11497,1011312,1000,Br6K2Os,COD,1.29845,0.667046
73340,59501,1000,In9Pt13,ICSD,1.29842,0.428134
80265,648843,700,Pd3Se2Tl2,ICSD,1.29833,0.367451
68115,413535,1000,Ga2Ge3Yb,ICSD,1.2983,0.515663
5206,2206809,1000,AuI3Rb,COD,1.29829,0.66078
81798,653096,1000,Te2TlTm,ICSD,1.29818,0.588687
11451,151988,1000,Br5Sn2Tl,ICSD,1.29809,0.431377
59433,414220,1000,ClIn5Se5,ICSD,1.298,0.432582
10675,171726,700,BiBrCdSe2,ICSD,1.29781,0.370993
5217,4027821,1000,AuIn2Yb,COD,1.29755,0.601049
72936,1525202,1000,IInTe,COD,1.29748,0.440561
10580,58854,1000,Bi4Rh,ICSD,1.29747,0.458802
63824,82563,700,CuHfSe3Tl,ICSD,1.29745,0.448692
63401,424884,700,Cu5Lu3Se8Tl2,ICSD,1.29744,0.492078
80645,649632,1000,Pt5SiTl,ICSD,1.2973,0.564511
11494,80180,1000,Br6In2Th,ICSD,1.29726,0.520731
73137,59498,1000,In2Pt3,ICSD,1.29722,0.429878
73589,59491,1000,InPt,ICSD,1.29719,0.447893
10190,245517,1000,Bi14Rh3,ICSD,1.2971,0.460251
11038,401906,1000,Br10OTa2Te4,ICSD,1.29702,0.549413
286,5910050,1000,Ag3Hg4,COD,1.29694,0.493397
9354,189362,1000,BaGe7Ir2,ICSD,1.29682,0.591854
78236,66346,1000,Ni2TaTe2,ICSD,1.29664,0.632729
69328,636475,1000,GdTe2Tl,ICSD,1.29663,0.623721
3573,611591,1000,As2YbZn2,ICSD,1.29586,0.564462
10999,617014,700,BiRhSe,ICSD,1.29584,0.391022
3735,33700,700,As4Bi2Br12Hg9,ICSD,1.2955,0.376589
10568,58812,1000,Bi4Mn5Ni2,ICSD,1.2954,0.639696
57240,621211,1000,Ce3Ge13Ir4,ICSD,1.29539,0.62211
73040,1526619,1000,In12K2Se19,COD,1.29537,0.463588
5376,1510301,1000,AuSn,COD,1.29521,0.396344
3547,9016654,1000,As2Pt,COD,1.29519,0.507981
11556,390028,1000,Br7RbW3,ICSD,1.29485,0.682081
11429,237340,700,Br5Hg6Se4Tl,ICSD,1.29477,0.411929
4538,611241,1000,AsPt5Tl,ICSD,1.29472,0.470708
62878,41072,1000,Cu2HfTe3,ICSD,1.29458,0.556135
10310,4313218,700,Bi2GaLa,COD,1.29455,0.503276
10451,42880,1000,Bi2Zr,ICSD,1.29439,0.591633
70419,9008939,1000,GePt,COD,1.29438,0.526912
4882,2105395,1000,Au41Mg13,COD,1.29438,0.658386
72755,1526370,1000,I2Te2Th,COD,1.29429,0.626266
64158,4000521,700,CuPSe3Tl,COD,1.29418,0.38244
63844,154669,700,CuHoPbSe3,ICSD,1.29396,0.479002
57625,161312,1000,CeIn7Pt2,ICSD,1.29395,0.518799
3017,31589,1000,AmBr3,ICSD,1.29384,0.661522
63548,152519,700,CuErPbSe3,ICSD,1.29372,0.478511
72225,247140,1000,Hg3Sr,ICSD,1.29355,0.632123
57384,54670,1000,Ce6In14Pt11,ICSD,1.29349,0.603445
68394,4304490,1000,Ga4LaNaSe8,COD,1.2933,0.554208
64168,152520,700,CuPbSe3Tm,ICSD,1.29313,0.479361
80157,648402,1000,PbPt5Si,ICSD,1.29299,0.572373
59589,75959,700,ClSe2Tl5,ICSD,1.29297,0.410593
62844,656155,700,Cu2GeHgTe4,ICSD,1.29275,0.295721
10989,42549,1000,BiPtTe,ICSD,1.29272,0.466065
69386,636769,1000,Ge13Ir4Yb3,ICSD,1.29247,0.62731
67394,1524707,1000,Fe3Te3Tl,COD,1.29242,0.605497
65309,420215,1000,Eu2Pt3Sn5,ICSD,1.29238,0.592094
504,9003557,1000,AgAuTe2,COD,1.29236,0.463299
69715,168861,1000,Ge3IrSr,ICSD,1.29233,0.630832
11439,74898,1000,Br5NbOTe7,ICSD,1.29211,0.51662
72369,4000660,700,HgSnTe4Tl2,COD,1.29192,0.262494
65219,631187,1000,ErTe2Tl,ICSD,1.29179,0.588462
59914,73319,1000,Co2PdSe12Ta4,ICSD,1.29155,0.582116
10582,236253,1000,Bi4SnTe7,ICSD,1.29153,0.428327
11037,35381,700,Br10O4Pb9,ICSD,1.29147,0.455671
10514,58853,1000,Bi3Rh,ICSD,1.2914,0.467494
78237,82605,1000,Ni2TaTe3,ICSD,1.29113,0.605386
10982,616956,700,BiPdSe,ICSD,1.291,0.388987
63531,152517,700,CuDyPbSe3,ICSD,1.29088,0.480145
4918,1510549,1000,Au5Ca,COD,1.29066,0.627204
80700,9012883,1000,PtSn2,COD,1.29062,0.41814
60268,623084,1000,Co7Ga16Hf6,ICSD,1.29035,0.531704
3089,611145,1000,As12Os4Th,ICSD,1.28994,0.592372
80685,61353,1000,PtSe7Ta2,ICSD,1.28972,0.560521
63149,627446,1000,Cu3Ga8Lu3,ICSD,1.28966,0.551525
68235,1523730,1000,Ga2PdTm,COD,1.28959,0.545963
70420,637640,1000,GePt2,ICSD,1.28939,0.540986
4855,1510506,1000,Au3Mg,COD,1.28936,0.6614
62884,656152,700,Cu2HgSiTe4,ICSD,1.28933,0.32212
5096,611757,1000,AuCu4Gd,ICSD,1.28905,0.634705
4805,1510481,1000,Au3Ba4Ge20,COD,1.28901,0.626325
72934,66032,1000,IIn3Te3,ICSD,1.28899,0.375915
72232,1522354,1000,Hg3Y,COD,1.28887,0.61244
80892,74887,1000,Re6Se8Te7,ICSD,1.2888,0.541198
74688,54799,1000,KSb3Se8Sm2,ICSD,1.28859,0.601569
4616,4334563,1000,Au10Cr4Zn89,COD,1.28804,0.47525
80655,4343873,700,Pt8Sb11Sn14,COD,1.28802,0.314088
63096,601653,700,Cu2Te2Tl,ICSD,1.288,0.351305
5367,1510296,1000,AuSe,COD,1.28796,0.465591
68257,635414,1000,Ga2Se4Yb,ICSD,1.2879,0.532411
4424,610830,1000,AsMgPt5,ICSD,1.28782,0.592211
80610,410419,1000,Pt3Sn5Yb2,ICSD,1.28781,0.554654
81355,76499,700,Sb2TlZn2,ICSD,1.28774,0.295322
10691,171727,700,BiCdISe2,ICSD,1.28763,0.373172
77838,600249,700,NbSe4Tl3,ICSD,1.28719,0.413779
73158,640533,1000,In2Se4Yb,ICSD,1.28639,0.547194
62885,656158,700,Cu2HgSnTe4,ICSD,1.28635,0.298261
67698,26423,1000,FeI3Tl,ICSD,1.28623,0.528891
5019,1510060,700,AuCaIn2,COD,1.2862,0.459798
72275,1523810,1000,HgIn,COD,1.28552,0.421663
68611,60850,1000,GaI4Li,ICSD,1.28543,0.606579
10277,2204243,700,Bi2Cs2Se5Zn,COD,1.28514,0.547335
