level_0,id,T,formula,database,zT_pred,zT_std,rough_correlation
10425,616936,700,Bi2PbTe4,ICSD,1.1166,0.281415,2.48716
255,1509890,700,Ag3AuTe2,COD,1.1236,0.320811,2.65582
11644,1524480,1000,BrCuSe3,COD,1.19242,0.32993,2.67975
76557,7024693,1000,MnSb11Yb14,COD,0.756364,0.30878,2.71013
557,9001316,700,AgBiTe2,COD,1.18379,0.307524,3.02984
252,1509845,1000,Ag3AsSe3,COD,1.12817,0.327267,3.09999
3791,423785,1000,As4Ga2Sr3,ICSD,0.546707,0.329201,3.10256
555,9011022,700,AgBiSe2,COD,1.24655,0.320281,3.12154
10629,1531626,700,Bi6PbTe10,COD,1.10906,0.295108,3.19193
363,164499,1000,Ag4Nd3Sn4,ICSD,0.587914,0.325822,3.2496
10183,412895,700,Bi14Br16Pd,ICSD,1.27206,0.323481,3.30331
76585,4000662,700,MnSnTe4Tl2,COD,1.28986,0.313369,3.34145
9312,615865,700,BaGa4,ICSD,0.516855,0.300382,3.73191
1711,607997,1000,Al3Ge4Nd2,ICSD,0.561826,0.320997,3.74657
3274,610303,1000,As2Cu,ICSD,1.1213,0.32746,3.82248
10430,58840,700,Bi2Pd5,ICSD,1.18658,0.324697,3.91784
3392,2310650,1000,As2GeZn,COD,1.20089,0.325576,4.02046
3392,2310650,700,As2GeZn,COD,1.16573,0.296254,4.02046
1517,9014095,1000,Al2NaSb,COD,0.506227,0.265877,4.05711
8011,248938,1000,Ba2CeInTe5,ICSD,0.587654,0.288443,4.10903
1712,608006,1000,Al3Ge4Pr2,ICSD,0.533286,0.329913,4.33377
8803,62305,1000,Ba5In2Sb6,ICSD,0.574347,0.268951,4.36124
1206,300193,1000,Al2As3Na2,ICSD,0.568922,0.230608,4.38724
10814,408442,700,BiGa2Se4,ICSD,1.17575,0.27818,4.50901
742,1509358,1000,AgGd,COD,0.519397,0.317909,4.53406
3651,300195,1000,As3Ga2K2,ICSD,0.588137,0.308444,4.5599
1006,1509541,700,AgSe2Tl,COD,1.28439,0.309102,4.64095
440,2105379,1000,Ag8GeSe6,COD,1.13446,0.302224,4.70076
815,151871,700,AgIn5Te8,ICSD,1.19041,0.323971,4.72147
8993,58643,1000,BaCd2,ICSD,0.541111,0.326626,4.90155
740,1509351,700,AgGaSe2,COD,1.11,0.324478,4.93405
11451,151988,700,Br5Sn2Tl,ICSD,1.19239,0.328844,4.94197
814,1509418,700,AgIn5Se8,COD,1.14269,0.301901,5.15687
814,1509418,1000,AgIn5Se8,COD,1.18677,0.320991,5.15687
10651,1527367,700,Bi8Te9,COD,1.065,0.312393,5.27439
10582,236253,700,Bi4SnTe7,ICSD,1.14544,0.298486,5.31981
3890,4329210,1000,As6Sn2Sr5,COD,0.535232,0.288501,5.38122
10534,415130,700,Bi4Br4Ga,ICSD,1.31571,0.282997,5.52798
3872,27,1000,As6Ca5Ga2,ICSD,0.55442,0.296993,5.60576
1030,1509557,700,AgTeTl,COD,1.32432,0.291403,5.61203
4519,1527777,700,AsPb2Pd3,COD,1.31228,0.32356,5.68291
11371,419826,700,Br4GaTl,ICSD,1.22718,0.326599,5.76736
10421,42708,700,Bi2Pb2Te5,ICSD,1.12569,0.279996,5.77527
449,2105383,1000,Ag9GaSe6,COD,1.14303,0.314452,5.86538
103,88168,700,Ag2GeIn2Se6,ICSD,1.14639,0.310058,5.88487
3873,61037,1000,As6Ca5Sn2,ICSD,0.537427,0.284346,6.07407
10420,30372,700,Bi2Pb2Se5,ICSD,1.18829,0.308222,6.12781
1654,606466,1000,Al3Ce2Ge4,ICSD,0.541407,0.322871,6.18544
3191,609931,700,As2Cd,ICSD,1.06204,0.283332,6.19129
3191,609931,1000,As2Cd,ICSD,1.13648,0.27739,6.19129
823,1509408,700,AgInSe2,COD,1.11487,0.319453,6.19692
3756,42132,1000,As4Cd2Ge,ICSD,1.15323,0.289956,6.39654
3756,42132,700,As4Cd2Ge,ICSD,1.14381,0.281272,6.39654
3563,2310651,1000,As2SnZn,COD,1.18422,0.321978,6.4336
3563,2310651,700,As2SnZn,COD,1.16631,0.287185,6.4336
10510,616947,700,Bi3Pd8,ICSD,1.18142,0.319505,6.49636
9352,4341884,700,BaGe5,COD,0.539247,0.322644,6.5507
3605,9011252,700,As3Cd2I,COD,1.10201,0.314737,6.86629
3605,9011252,1000,As3Cd2I,COD,1.19303,0.324737,6.86629
3727,30702,1000,As4Ba3Sn2,ICSD,0.581672,0.31689,7.09252
3859,31877,1000,As5ITe7,ICSD,1.13108,0.320662,7.12917
3859,31877,700,As5ITe7,ICSD,1.10144,0.30172,7.12917
743,1509361,1000,AgGdGe,COD,0.527464,0.312303,7.16163
10316,30394,700,Bi2GeTe4,ICSD,1.18053,0.286465,7.35922
808,4027807,700,AgISe3,COD,1.03096,0.329246,7.3677
3566,2310540,1000,As2Te3,COD,1.08177,0.312184,7.41794
3566,2310540,700,As2Te3,COD,1.06464,0.302536,7.41794
8892,60583,1000,Ba7Ga4Sb9,ICSD,0.597449,0.274573,7.42283
8664,167166,1000,Ba3Sn5,ICSD,0.59455,0.284477,7.54647
9834,8102994,1000,BaSn2,COD,0.594821,0.308163,7.58249
3723,424761,1000,As4Ba3Cd2,ICSD,0.605972,0.30689,7.69564
3077,610778,700,As12LaRu4,ICSD,0.792121,0.300693,7.70534
10210,159465,700,Bi2BrInSe4,ICSD,1.27583,0.285601,7.79459
3797,41107,700,As4GeTe7,ICSD,1.08263,0.28921,7.79774
3797,41107,1000,As4GeTe7,ICSD,1.08193,0.290781,7.79774
369,164498,1000,Ag4Pr3Sn4,ICSD,0.545544,0.322717,8.09851
3208,22182,1000,As2CdSn,ICSD,1.1792,0.314492,8.22881
3208,22182,700,As2CdSn,ICSD,1.17697,0.276512,8.22881
10609,1528273,700,Bi6Br7,COD,1.16584,0.326978,8.37474
446,1509989,1000,Ag8Se6Sn,COD,1.13396,0.302041,8.38111
9307,4316404,1000,BaGa2P2,COD,0.515928,0.31002,8.38292
9303,58649,1000,BaGa2,ICSD,0.509318,0.328814,8.48969
3203,16736,700,As2CdGe,ICSD,1.16272,0.287723,8.64717
3203,16736,1000,As2CdGe,ICSD,1.16932,0.319629,8.64717
8434,61089,1000,Ba2Sb3,ICSD,0.520082,0.327636,8.78642
419,604758,1000,Ag7AsSe6,ICSD,1.11534,0.296157,8.9851
10583,9011203,700,Bi4Te3,COD,1.05057,0.327127,9.16958
9293,658735,700,BaFe4Sb12,ICSD,0.789831,0.207129,9.17317
10837,423015,700,BiIIn2Se4,ICSD,1.29039,0.265483,9.60293
2196,402309,1000,AlAs4Ca3Na3,ICSD,0.636001,0.232039,9.6818
567,8103387,700,AgBr5Pb2,COD,1.24545,0.322583,9.82812
3234,9012076,700,As2Co,COD,0.784902,0.280398,9.83123
3234,9012076,1000,As2Co,COD,0.976938,0.328129,9.83123
10847,1527697,700,BiIn2,COD,1.17737,0.324901,9.89635
11216,1527495,700,Br2Tl,COD,1.24688,0.328022,9.93715
10516,20386,700,Bi3Se4,ICSD,1.16189,0.324526,10.3291
78362,42078,700,Ni6Se5,ICSD,0.77388,0.322943,10.6483
225,9000252,1000,Ag2Se,COD,1.26539,0.318665,10.9704
1003,1509538,700,AgSe,COD,0.88581,0.322684,10.9803
1003,1509538,1000,AgSe,COD,1.10613,0.301203,10.9803
1084,58150,700,Al12Re,ICSD,0.516109,0.318028,11.0856
11719,414218,700,BrIn5Se5,ICSD,1.16212,0.313849,11.3083
11533,99127,700,Br6TeTl2,ICSD,1.22708,0.324502,11.414
78492,1008058,700,NiRh2Se4,COD,0.899172,0.318202,12.111
3878,8103673,1000,As6Cu7Se13,COD,1.20391,0.323474,12.2742
3878,8103673,700,As6Cu7Se13,COD,1.0373,0.322259,12.2742
4028,432,700,AsCd,ICSD,1.07904,0.23877,12.2826
4028,432,1000,AsCd,ICSD,1.14852,0.262379,12.2826
10443,617096,700,Bi2Se3,ICSD,1.16209,0.323375,12.3616
10557,42891,700,Bi4GeTe7,ICSD,1.18089,0.285949,12.5097
4139,610361,1000,AsCu3Se4,ICSD,1.12036,0.317667,12.5242
3652,300194,1000,As3Ga2Na2,ICSD,0.601591,0.27484,12.5254
10453,408138,700,Bi34Br37Ir3,ICSD,1.2194,0.328372,12.5303
3750,61336,1000,As4Ca3In2,ICSD,0.533653,0.29877,12.6365
9428,58657,1000,BaIn2,ICSD,0.5666,0.303763,13.0229
10649,42665,700,Bi8Se9,ICSD,1.16589,0.323953,13.385
10446,9012858,700,Bi2Te3,COD,1.07384,0.318488,13.4662
10669,83806,700,BiBr4Te2,ICSD,1.15477,0.317954,13.7174
4158,42884,1000,AsCuSe2,ICSD,1.20153,0.326729,13.8223
4158,42884,700,AsCuSe2,ICSD,1.04536,0.322126,13.8223
10454,391191,700,Bi37Br48In,ICSD,1.26863,0.306586,14.0003
76583,643758,1000,MnSn2Y,ICSD,0.511761,0.233838,14.0554
9536,7221197,1000,BaMnSb2,COD,0.514748,0.283718,14.2878
10458,411096,700,Bi3BrSe4,ICSD,1.18563,0.314927,14.3357
92,1509804,1000,Ag2Gd,COD,0.576153,0.32561,14.3696
494,1509200,700,AgAsSe2,COD,1.05813,0.305807,14.4211
494,1509200,1000,AgAsSe2,COD,1.16781,0.316847,14.4211
8002,420620,1000,Ba2Cd2KSb3,ICSD,0.651008,0.237056,14.7816
10314,1527926,700,Bi2Ge3Te6,COD,1.19071,0.297826,15.1711
78483,646263,1000,NiPrSb2,ICSD,0.559896,0.328687,15.59
11211,418160,700,Br2PdSe6,ICSD,1.03677,0.327035,15.6076
11211,418160,1000,Br2PdSe6,ICSD,1.18182,0.327694,15.6076
3616,1011231,700,As3Co,COD,0.841194,0.318072,15.7237
3666,9014314,1000,As3In2K2,COD,0.579183,0.289551,16.0616
5390,9011287,700,AuTe2,COD,1.07518,0.324343,16.6728
3579,7024287,1000,As3Ba2Cd2,COD,0.594065,0.312664,17.1504
3574,2021,700,As2Zn,ICSD,1.06875,0.292769,17.1548
3574,2021,1000,As2Zn,ICSD,1.17768,0.285879,17.1548
3575,87576,700,As2Zn3,ICSD,1.05516,0.254544,17.2508
3575,87576,1000,As2Zn3,ICSD,1.19408,0.274704,17.2508
3358,9012340,700,As2Fe,COD,0.767802,0.290916,17.4153
8003,7024288,1000,Ba2Cd2Sb3,COD,0.593284,0.304123,17.5068
2745,411171,1000,AlKTe2,ICSD,0.527238,0.305765,17.5625
1479,52627,1000,Al2K2Sb3,ICSD,0.576399,0.223473,17.6178
3385,68112,700,As2Ge2Te5,ICSD,1.09416,0.292049,17.7714
3385,68112,1000,As2Ge2Te5,ICSD,1.08152,0.290557,17.7714
3066,610013,700,As12CeRu4,ICSD,0.777788,0.307881,18.4852
4990,416287,700,AuBi8Br9Sb,ICSD,1.26579,0.328816,18.5297
3195,4337945,700,As2Cd3,COD,1.0829,0.21962,18.64
3195,4337945,1000,As2Cd3,COD,1.1602,0.259316,18.64
3559,9011471,700,As2Se3,COD,1.05215,0.316627,19.1188
3559,9011471,1000,As2Se3,COD,1.16209,0.319276,19.1188
3064,610003,700,As12CeFe4,ICSD,0.74899,0.21344,19.7887
3064,610003,1000,As12CeFe4,ICSD,0.898893,0.30103,19.7887
3834,611376,1000,As4Se3,ICSD,1.15978,0.322627,19.8295
3777,41169,1000,As4Cu3,ICSD,1.11487,0.320373,19.8827
78533,42596,700,NiSe,ICSD,0.802418,0.322435,21.428
4611,4340531,1000,AsZn,COD,1.18619,0.286155,22.0205
4611,4340531,700,AsZn,COD,1.06939,0.275807,22.0205
4597,44071,700,AsTe,ICSD,1.05648,0.291593,31.269
4597,44071,1000,AsTe,ICSD,1.08643,0.308495,31.269
10486,423016,700,Bi3IIn2Se7,ICSD,1.27114,0.292252,48.0151
10578,4340717,700,Bi4Pb7Se13,COD,1.19174,0.30756,50.6362
10579,42707,700,Bi4PbTe7,ICSD,1.11679,0.289232,54.2515
8439,49751,1000,Ba2SiTe4,ICSD,0.513732,0.317998,64.5323
242,8103410,700,Ag36Te22Tl7,COD,1.18099,0.30882,67.433
3388,63174,700,As2Ge5Te8,ICSD,1.10495,0.291537,70.0927
3388,63174,1000,As2Ge5Te8,ICSD,1.08362,0.293004,70.0927
3386,68113,1000,As2Ge3Te6,ICSD,1.08574,0.29187,74.7688
3386,68113,700,As2Ge3Te6,ICSD,1.10411,0.289764,74.7688
76528,4335332,1000,MnPr4Sb9,COD,0.601054,0.305262,81.8534
11517,78874,700,Br6Pb2Pd,ICSD,1.22753,0.325103,83.7235
131,95094,700,Ag2HgSe4Sn,ICSD,1.26782,0.316913,85.6436
78508,9012583,700,NiSb2,COD,0.987327,0.325877,87.8369
57146,157331,1000,Ce2In3Ru2,ICSD,0.50888,0.285269,89.6532
8804,2240552,1000,Ba5In4Sb6,COD,0.583448,0.3,91.6564
78277,9009243,700,Ni3Se2,COD,0.758121,0.320538,91.926
78077,1526291,1000,NdSb,COD,0.520146,0.29993,97.9573
3792,40206,1000,As4Ga3K3,ICSD,0.583915,0.307395,97.9581
8990,4308071,1000,BaCaSn3,COD,0.582214,0.27915,98.7483
3090,611222,700,As12PrRu4,ICSD,0.777823,0.313114,99.7193
3387,68114,700,As2Ge4Te7,ICSD,1.10926,0.288482,101.753
3387,68114,1000,As2Ge4Te7,ICSD,1.08774,0.291723,101.753
3391,68111,700,As2GeTe4,ICSD,1.08232,0.290828,101.938
3391,68111,1000,As2GeTe4,ICSD,1.07956,0.291841,101.938
7914,418886,1000,Ba11Cd6Sb12,ICSD,0.597302,0.253333,104.015
3793,402286,1000,As4GaNa3Sr3,ICSD,0.631635,0.269017,104.547
5316,150127,700,AuNi2Sn4,ICSD,1.24938,0.302608,104.894
56474,58983,700,Cd2Hg,ICSD,1.1379,0.308843,113.532
4577,412790,700,AsSe2Tl,ICSD,1.18741,0.312441,113.969
4572,9001315,700,AsSb,COD,1.01974,0.320765,114.394
8463,4306710,1000,Ba3Cd2Sb4,COD,0.610476,0.303392,114.877
11522,405773,1000,Br6PdTe2,ICSD,1.15902,0.328137,115.173
5376,1510301,700,AuSn,COD,1.16119,0.329549,120.427
4576,4031223,1000,AsSe,COD,1.16356,0.320842,120.649
4576,4031223,700,AsSe,COD,1.05079,0.317831,120.649
78512,190327,700,NiSb3,ICSD,1.00553,0.315315,122.861
4395,4321149,1000,AsLaTe,COD,0.510414,0.322981,123.186
78046,98659,1000,NdRbTe2,ICSD,0.518038,0.324646,129.78
55868,1528162,1000,Ca7Ni4Sn13,COD,0.548632,0.327178,134.876
3073,610521,1000,As12Fe4Pr,ICSD,0.911371,0.312812,135.655
3073,610521,700,As12Fe4Pr,ICSD,0.744935,0.226365,135.655
11004,9008603,700,BiSe,COD,1.16529,0.324734,137.038
77360,1010292,1000,Na3Sb,COD,0.502246,0.311964,137.536
78342,646285,1000,Ni5PrSn,ICSD,0.51949,0.324215,139.59
3097,426155,1000,As22Ba13Si6Sn8,ICSD,0.50013,0.308757,141.769
1024,1509558,700,AgTe2Tl,COD,1.26592,0.263862,144.453
56814,424172,1000,CdGe2Sm2,ICSD,0.551488,0.328685,144.667
75134,641783,700,LaRu4Sb12,ICSD,0.757318,0.311864,144.817
57564,164892,1000,CeGe3V,ICSD,0.540911,0.309287,147.548
80798,1520875,1000,Rb2Te3,COD,0.587988,0.328089,150.759
56482,420623,1000,Cd2KSb3Sr2,ICSD,0.642045,0.243072,151.481
81702,4000005,1000,Sn3Ti2,COD,0.521091,0.307884,151.721
77315,8103057,1000,Na2Sn4Sr,COD,0.613378,0.266604,155.201
77905,645653,1000,Nd3Ni2Sn7,ICSD,0.582645,0.307288,155.94
1025,7209352,700,AgTe2Tl3,COD,1.29517,0.273591,158.98
75044,641595,1000,LaNiSn2,ICSD,0.504224,0.256386,159.937
78063,645809,700,NdRu4Sb12,ICSD,0.766158,0.324205,163.17
68372,1522711,1000,Ga3Zr2,COD,0.507577,0.306136,164.053
78078,602797,1000,NdSb2,ICSD,0.67962,0.326398,164.857
81392,4000207,1000,Sb5Sm3Ti,COD,0.587298,0.309652,164.998
78090,54292,1000,NdSn2,ICSD,0.632239,0.290829,165.205
11005,617113,700,BiSe2Tl,ICSD,1.20945,0.301667,166.413
67934,424710,700,FePb4Sb6Se14,ICSD,1.24868,0.27446,167.907
77960,657375,1000,Nd5Sn3,ICSD,0.532014,0.312726,168.009
75163,657383,1000,LaSn2,ICSD,0.534502,0.269244,168.826
57300,1524611,1000,Ce3Tl,COD,0.537763,0.313361,168.827
81544,48145,700,Se9V2,ICSD,0.847998,0.311043,170.366
70500,56604,700,GeTe,ICSD,1.07809,0.279477,170.53
70500,56604,1000,GeTe,ICSD,1.08778,0.282806,170.53
81360,651733,1000,Sb2Y,ICSD,0.599856,0.289423,170.659
3705,409381,1000,As3Rb2,ICSD,0.566956,0.294819,172.584
81804,653179,1000,Te2Y,ICSD,0.603337,0.289813,173.431
80806,77991,1000,Rb3Sb,ICSD,0.506985,0.304697,173.535
68268,5910274,700,Ga2Te4Zn,COD,1.17642,0.282851,179.3
63878,628131,1000,CuInSm,ICSD,0.508163,0.326466,179.513
4579,611388,700,AsSe4Tl3,ICSD,1.2547,0.30323,180.465
56022,248622,700,CaFe4Sb12,ICSD,0.82633,0.268296,181.231
78487,646289,1000,NiPrSn2,ICSD,0.574614,0.31638,181.528
68307,160496,1000,Ga3K2,ICSD,0.570453,0.311046,181.795
68876,43328,700,GaTe,ICSD,1.12766,0.311176,182.44
56811,424171,1000,CdGe2Nd2,ICSD,0.523911,0.309263,183.376
68168,1522852,1000,Ga2Mg5,COD,0.512886,0.306562,183.951
68254,37168,700,Ga2Se3,ICSD,1.12481,0.308201,184.056
68254,37168,1000,Ga2Se3,ICSD,1.20928,0.314971,184.056
63068,9008064,1000,Cu2Se,COD,1.33137,0.301132,184.33
68303,66031,700,Ga3ITe3,ICSD,1.21513,0.296155,184.79
77976,645651,1000,NdNi2Sn2,ICSD,0.582843,0.327921,186.376
68197,634879,1000,Ga2Ni6Pr3,ICSD,0.505856,0.303133,186.642
68231,635052,700,Ga2PbSe4,ICSD,1.21327,0.281502,186.993
56151,58906,1000,CaIn2,ICSD,0.545355,0.309302,187.402
68304,634434,700,Ga3InTe5,ICSD,1.15844,0.306961,188.121
77989,645652,1000,NdNiSn2,ICSD,0.576072,0.316586,188.92
68134,5910282,700,Ga2HgSe4,COD,1.206,0.305605,189.268
81832,1521988,700,TeTl,COD,1.19157,0.310619,189.576
78181,646292,1000,Ni2Pr3Sn7,ICSD,0.582383,0.306662,189.655
70058,31508,1000,Ge8NaRb7,ICSD,0.513335,0.30997,189.78
77898,412926,1000,Nd2Sn3,ICSD,0.633105,0.299951,189.875
68262,150473,1000,Ga2Sr,ICSD,0.557741,0.31412,190.014
68269,635505,1000,Ga2Te5,ICSD,1.17247,0.309648,191.242
68269,635505,700,Ga2Te5,ICSD,1.12176,0.285954,191.242
81844,653245,1000,Th2Tl,ICSD,0.541276,0.325982,191.65
57553,1528026,1000,CeGe2Ni,COD,0.603875,0.313927,191.709
72046,83906,1000,HfLa3Sb5,ICSD,0.56529,0.270299,192.103
78561,416584,1000,NiSm2Sn4,ICSD,0.593288,0.302018,192.319
73559,658297,1000,InPd2Tb2,ICSD,0.530207,0.328754,192.471
56443,619652,1000,Cd2Ce,ICSD,0.531806,0.29426,192.698
68251,1522720,1000,Ga2Sc,COD,0.542497,0.286301,194.648
68091,4106293,700,Ga16Se33Zn4,COD,1.14532,0.317369,194.708
61647,84866,700,CrSbSe3,ICSD,0.908523,0.31074,195.076
72395,658299,1000,Ho2InPd2,ICSD,0.523072,0.320817,195.621
65496,1524594,1000,EuIn2,COD,0.609726,0.321451,197.021
68207,1523101,1000,Ga2NiY,COD,0.504994,0.277892,197.033
11011,2310403,700,BiTe2Tl,COD,1.13129,0.273589,197.42
62204,412155,1000,Cs5Sb8,ICSD,0.578107,0.277647,198.429
68267,657608,1000,Ga2Te3,ICSD,1.17644,0.307812,199.302
68267,657608,700,Ga2Te3,ICSD,1.16617,0.263799,199.302
73155,4302480,700,In2Sb6Zn9,COD,1.13917,0.240093,199.635
73155,4302480,1000,In2Sb6Zn9,COD,1.1672,0.298226,199.635
81662,652642,1000,Sm5Sn4,ICSD,0.57263,0.32362,199.985
73031,370002,1000,In11K8,ICSD,0.546655,0.304193,200.028
11010,9000678,700,BiTe,COD,1.04942,0.307867,200.197
81011,650286,1000,RhSe2,ICSD,1.14306,0.327108,200.869
81011,650286,700,RhSe2,ICSD,0.949304,0.314171,200.869
70501,80292,700,GeTe3Tl2,ICSD,1.26558,0.279982,201.028
67939,657916,1000,FePrSb2,ICSD,0.573551,0.310957,201.113
57840,621988,700,CeRu4Sb12,ICSD,0.75515,0.305347,201.222
68877,1527851,700,GaTe2Tl,COD,1.26404,0.295342,202.435
57123,425075,1000,Ce2Ga3Ru2,ICSD,0.542024,0.303474,202.703
73094,300192,1000,In2Na2Sb3,ICSD,0.624492,0.276884,202.876
68066,2106076,700,Ga13K3,COD,0.513089,0.316651,202.895
56514,1524582,1000,Cd2Pr,COD,0.511493,0.298547,203.001
56813,424170,1000,CdGe2Pr2,ICSD,0.523601,0.310193,203.111
77851,657377,1000,Nd11Sn10,ICSD,0.539828,0.314578,203.315
74862,261872,1000,La3Sn7,ICSD,0.605657,0.28099,203.555
65264,8103657,1000,Eu2In,COD,0.506823,0.309989,203.58
68390,634403,1000,Ga4HoTi2,ICSD,0.60003,0.329848,203.752
68204,634931,1000,Ga2NiSm,ICSD,0.595246,0.328139,204.991
72375,1522655,1000,HgTh2,COD,0.536347,0.287655,205.218
68167,1523559,1000,Ga2Mg,COD,0.5956,0.290355,205.282
69458,414071,1000,Ge2InNd2,ICSD,0.540295,0.321935,205.353
56825,4000657,700,CdGeTe4Tl2,COD,1.31851,0.245679,205.797
81563,9008879,1000,SeZn,COD,1.21675,0.313641,205.809
68067,7221113,1000,Ga13Na7,COD,0.578643,0.295917,206.164
60542,260930,1000,CoGd6Te2,ICSD,0.509912,0.309308,206.717
81416,152638,1000,SbTbZr,ICSD,0.5061,0.286635,206.848
74864,1522573,1000,La3Tl,COD,0.510853,0.324228,206.902
73272,640272,1000,In5Pr3,ICSD,0.547405,0.300489,207.426
57305,54578,1000,Ce4Co2Sn5,ICSD,0.540186,0.287809,207.496
62618,98660,1000,CsNdTe2,ICSD,0.515878,0.328586,207.532
57524,657986,1000,CeFeSb2,ICSD,0.582156,0.316203,207.543
73268,640064,1000,In5Nd3,ICSD,0.550028,0.301681,207.704
67978,657917,1000,FeSb2Sm,ICSD,0.541964,0.3176,208.724
81730,69562,700,SnTe3Tl2,ICSD,1.24493,0.292299,208.994
70109,4000659,700,GeHgTe4Tl2,COD,1.31875,0.249135,209.458
63877,4105347,700,CuInSe2,COD,1.10634,0.32119,209.579
69456,4320129,1000,Ge2InLiSr2,COD,0.506665,0.319207,209.908
68202,634882,1000,Ga2NiPr,ICSD,0.547766,0.304887,209.983
73318,640125,1000,In8Ni7Pr4,ICSD,0.538103,0.308458,210.016
73324,165180,1000,In9KNa3,ICSD,0.583871,0.319588,210.035
63638,9012063,700,CuFeSe2,COD,0.811927,0.32037,210.263
72275,1523810,700,HgIn,COD,1.17126,0.327458,210.64
73067,9015376,1000,In2K2Sb3,COD,0.59351,0.285644,211.664
55676,108796,1000,Ca3Ga8,ICSD,0.56954,0.310686,211.688
72934,66032,700,IIn3Te3,ICSD,1.22145,0.3267,212.326
81398,418213,700,Sb65Zn84,ICSD,1.0903,0.140598,212.848
81398,418213,1000,Sb65Zn84,ICSD,1.14911,0.23636,212.848
73328,4309584,1000,In9Li2Y5,COD,0.559744,0.254805,213.329
78185,646290,1000,Ni2PrSn2,ICSD,0.572622,0.329264,213.399
81808,410895,700,Te3Tl2,ICSD,1.21984,0.262736,213.477
55846,4310163,1000,Ca6Cu2Sn7,COD,0.53763,0.243653,213.632
60949,624816,700,CoRh2Se4,ICSD,0.847765,0.323749,214.114
63270,8101225,700,Cu3Se4V,COD,0.818497,0.324324,214.131
56421,240053,1000,Cd12In48K23Na8,ICSD,0.567055,0.324358,214.548
68155,634508,1000,Ga2LaNi,ICSD,0.529943,0.274875,214.782
77929,4000206,1000,Nd3Sb5Ti,COD,0.575393,0.314512,215.097
57296,1524382,1000,Ce3Sn,COD,0.51606,0.282339,215.732
81693,416771,1000,Sn2Y,ICSD,0.56618,0.264837,215.868
69904,1532942,1000,Ge4Ru2Sm3,COD,0.539211,0.316232,216.074
65497,402571,1000,EuIn2Ni,ICSD,0.590394,0.323888,216.323
73263,165362,1000,In5La3,ICSD,0.510625,0.284998,216.504
77961,657376,1000,Nd5Sn4,ICSD,0.525766,0.314554,217.437
63672,627613,1000,CuGdIn,ICSD,0.530763,0.328712,217.46
81490,1524609,700,Se3SnTl2,COD,1.25282,0.323886,217.859
57215,428424,1000,Ce2Te3,ICSD,0.600821,0.265986,218.011
68135,53575,700,Ga2HgTe4,ICSD,1.2483,0.282366,218.116
81344,651588,700,Sb2SnZn,ICSD,1.18219,0.28996,218.454
73231,186561,1000,In4Ni2Tb5,ICSD,0.537654,0.324863,218.58
56798,619904,1000,CdGaSm,ICSD,0.541267,0.325549,218.619
81335,4317499,1000,Sb18Zr11,COD,0.550766,0.300842,219.259
80850,602830,1000,RbSmTe2,ICSD,0.51608,0.326421,219.306
63320,53295,700,Cu4In9Se16,ICSD,1.12918,0.310496,219.359
63320,53295,1000,Cu4In9Se16,ICSD,1.19811,0.326213,219.359
57856,622083,1000,CeSb2,ICSD,0.588925,0.306457,219.442
69696,76344,1000,Ge2Y,ICSD,0.500731,0.283951,219.742
73334,167635,1000,In9Ni4Tb11,ICSD,0.538896,0.326189,220.058
55439,171161,1000,Ca10LiMgSb9,ICSD,0.514179,0.315932,220.096
77932,1523454,1000,Nd3Tl,COD,0.546152,0.324228,220.383
80836,419402,1000,RbSb2,ICSD,0.61662,0.310709,220.539
60964,9015513,700,CoSb3,COD,0.748396,0.235465,220.579
81814,653174,1000,Te3Y2,ICSD,0.549748,0.283063,221.424
73288,422711,1000,In5Sm3,ICSD,0.587439,0.322457,221.44
61307,2001431,700,CrCu2Se4,COD,0.873651,0.321957,221.616
56426,4108676,1000,Cd13Sb10,COD,1.23741,0.308755,221.744
56426,4108676,700,Cd13Sb10,COD,1.12937,0.255036,221.744
57257,621367,1000,Ce3In5,ICSD,0.529015,0.306885,221.914
81499,652069,700,Se3Tl2,ICSD,1.23175,0.315537,222.046
56872,52811,700,CdIn2Se4,ICSD,1.14096,0.307779,222.107
56872,52811,1000,CdIn2Se4,ICSD,1.18633,0.328936,222.107
56873,5910307,700,CdIn2Te4,COD,1.19094,0.323806,222.568
60176,87886,1000,Co4Sb12Sn,ICSD,1.29282,0.306891,223.223
60176,87886,700,Co4Sb12Sn,ICSD,1.24171,0.24258,223.223
56793,5910295,700,CdGa2Te4,COD,1.16168,0.307603,223.375
57728,1530788,1000,CeNi5Sn,COD,0.538922,0.316097,223.484
56048,25328,1000,CaGe2Li,ICSD,0.52222,0.269976,224.226
80815,300212,1000,Rb4Sb6Sn,ICSD,0.602694,0.276905,224.782
62403,1525536,700,CsGa7,COD,0.548726,0.322133,224.981
67952,603354,700,FeRh2Se4,ICSD,0.869547,0.319773,225.387
73319,640146,1000,In8Ni7Sm4,ICSD,0.591244,0.321651,225.646
55821,36467,1000,Ca5In2Sb6,ICSD,0.547011,0.259055,225.847
67996,9012125,700,FeSe2,COD,0.816799,0.319639,225.974
68384,250747,700,Ga4GePb4Se12,ICSD,1.23272,0.261686,226.292
56792,1526197,700,CdGa2Se4,COD,1.13494,0.319898,226.323
73317,640078,1000,In8Nd4Ni7,ICSD,0.534471,0.305984,226.681
69416,4118564,1000,Ge16Rb14Zn,COD,0.511502,0.302233,227.047
62212,300150,1000,Cs6GaK3Sb4,ICSD,0.510139,0.294739,227.161
81369,656380,1000,Sb3Sm5,ICSD,0.568051,0.30801,227.261
56799,619918,1000,CdGd,ICSD,0.531218,0.313883,227.326
81839,80076,1000,TeZn,ICSD,1.14848,0.318973,227.613
81839,80076,700,TeZn,ICSD,1.01109,0.294306,227.613
57124,415108,1000,Ce2Ge2In,ICSD,0.515149,0.290275,228.488
56153,619378,1000,CaIn2Ni,ICSD,0.508843,0.291241,228.514
73215,7221337,1000,In41K17,COD,0.563657,0.303739,228.961
68277,1523309,1000,Ga2Y,COD,0.570768,0.278176,228.974
56809,411775,1000,CdGdPd,ICSD,0.515233,0.308926,229.063
75314,2019431,1000,Li2Sm5Sn7,COD,0.676916,0.303437,229.107
63361,628743,1000,Cu4Pr3Sn4,ICSD,0.537587,0.325567,229.313
81567,413715,1000,Si19Te8,ICSD,0.534315,0.318111,229.343
68187,634818,1000,Ga2Nd3Ni6,ICSD,0.510119,0.301089,229.404
68482,635697,1000,Ga5Zr3,ICSD,0.507089,0.303969,229.545
70484,637858,700,GeSe2,ICSD,1.04798,0.324447,229.554
70484,637858,1000,GeSe2,ICSD,1.16162,0.324407,229.554
56423,43035,700,Cd13In26Se54,ICSD,1.14482,0.307181,229.61
56423,43035,1000,Cd13In26Se54,ICSD,1.1885,0.328325,229.61
57871,9008336,700,CeTe2,COD,0.518158,0.326137,229.799
65659,631585,700,EuRu4Sb12,ICSD,0.773515,0.328422,230.078
60551,240095,1000,CoGdSn2,ICSD,0.575819,0.323178,230.408
75167,1521989,1000,LaTe2,COD,0.671592,0.243633,230.409
68283,2106103,1000,Ga39Na22,COD,0.581434,0.29859,231.065
64203,628777,700,CuRh2Se4,ICSD,0.920412,0.304836,231.255
64203,628777,1000,CuRh2Se4,ICSD,1.11148,0.319469,231.255
81409,423292,1000,SbSm2,ICSD,0.545866,0.296664,231.3
61819,56387,1000,Cs2In2Sb3,ICSD,0.597311,0.294436,231.446
57046,620548,700,CdTe2Tl,ICSD,1.27735,0.272576,231.511
57859,1526918,1000,CeSbTe,COD,0.555496,0.284784,231.516
73308,400669,700,In7Te10,ICSD,1.1762,0.319082,231.533
61948,658702,1000,Cs2PdSb2,ICSD,0.500683,0.298997,231.701
81731,1523050,700,SnTe3Tl4,COD,1.23278,0.320392,231.796
62739,2102082,700,Cu10PSe6,COD,0.783827,0.3189,231.806
57821,98658,1000,CeRbTe2,ICSD,0.538781,0.315299,232.117
70133,81469,1000,GeIn4La3,ICSD,0.547836,0.256377,232.238
72369,4000660,700,HgSnTe4Tl2,COD,1.29727,0.272903,232.445
80173,648514,700,PbSe,ICSD,1.16514,0.316666,232.464
81417,651642,700,SbTe2Tl,ICSD,1.16829,0.271994,232.54
69413,636686,700,Ge15In8K4,ICSD,0.504651,0.267096,232.54
57047,620549,700,CdTe4Tl2,ICSD,1.25805,0.263768,232.586
68869,1523116,1000,GaSm3,COD,0.501654,0.321354,232.791
81408,9008720,1000,SbSm,COD,0.548846,0.304316,232.963
57733,621640,1000,CeNiSb2,ICSD,0.571131,0.315837,232.98
69890,76512,1000,Ge4Ni4Pr3,ICSD,0.530826,0.32708,233.188
69146,2310167,1000,GdIn,COD,0.54411,0.327538,233.394
73140,2005745,1000,In2Rb2Sb3,COD,0.596986,0.293569,233.491
73177,4339489,1000,In3MgSr,COD,0.520671,0.285774,233.532
62100,53243,1000,Cs3Sb,ICSD,0.503451,0.30573,233.946
68622,634431,700,GaInSe3,ICSD,1.12788,0.300789,234.122
68622,634431,1000,GaInSe3,ICSD,1.18832,0.314029,234.122
60719,658918,700,CoIn2Se4,ICSD,1.12677,0.316248,234.389
73190,370026,1000,In3Rb2,ICSD,0.563766,0.301145,234.546
57297,622236,1000,Ce3Sn5,ICSD,0.57152,0.289024,234.625
65686,405050,1000,EuSnZn,ICSD,0.504903,0.308432,234.669
81128,9012406,700,RuSe2,COD,0.885876,0.328551,234.838
56634,52832,700,Cd6Sb5,ICSD,1.11652,0.272826,234.848
56634,52832,1000,Cd6Sb5,ICSD,1.22004,0.312207,234.848
57041,4000658,700,CdSnTe4Tl2,COD,1.31419,0.261102,234.91
64335,107343,1000,Dy2InPd2,ICSD,0.536461,0.32795,234.968
56569,76500,700,Cd3Sb3Tl2,ICSD,1.30754,0.294969,234.97
81732,73666,700,SnTe5Tl2,ICSD,1.16947,0.266984,235.164
68106,7221336,1000,Ga29In12Na17,COD,0.568922,0.291319,235.619
57045,246692,700,CdTe,ICSD,1.05199,0.326186,235.721
56467,192555,1000,Cd2Gd,ICSD,0.564023,0.31817,235.951
69740,414575,1000,Ge3LiSr2,ICSD,0.533932,0.270727,236.2
61501,83907,1000,CrLaSb3,ICSD,0.547027,0.312636,236.319
69908,2014978,1000,Ge4Se9,COD,1.16231,0.324395,236.355
69908,2014978,700,Ge4Se9,COD,1.04746,0.324844,236.355
56033,422525,1000,CaGa2P2,ICSD,0.502764,0.326462,236.666
80307,648842,700,Pd5SeTl,ICSD,1.23744,0.306934,236.797
81403,36537,700,SbSe2Tl,ICSD,1.18956,0.287046,236.858
68556,634238,1000,GaGdPd,ICSD,0.539098,0.328605,236.862
69417,192630,700,Ge17K3,ICSD,0.575284,0.327757,236.956
61820,1525490,1000,Cs2In3,COD,0.562947,0.307086,237.086
81666,152627,1000,SmSnZn,ICSD,0.512273,0.317299,237.186
75149,641892,1000,LaSb2,ICSD,0.563217,0.298519,237.275
55675,58894,1000,Ca3Ga5,ICSD,0.552777,0.292114,237.301
70106,1532042,700,GeHg2Se4,COD,1.22914,0.329649,237.31
68395,1533157,1000,Ga4LiY,COD,0.563726,0.269243,237.352
65230,4313906,1000,Eu10Mn6Sb13,COD,0.582646,0.299443,237.369
55464,420619,1000,Ca2Cd2KSb3,ICSD,0.648103,0.254474,237.431
73241,165134,1000,In4Pd2Tb5,ICSD,0.505525,0.328989,237.491
80911,650282,700,Rh2Se3,ICSD,0.896029,0.317302,237.702
56794,619865,1000,CdGaGd,ICSD,0.552627,0.328658,237.906
80574,1522860,700,Pt2Sn3,COD,1.22912,0.305848,237.985
80357,8101145,700,PdSe,COD,0.863635,0.323507,238.012
73153,36468,1000,In2Sb6Sr5,ICSD,0.536925,0.278053,238.039
81434,9008882,700,SbZn,COD,1.09213,0.187381,238.108
81434,9008882,1000,SbZn,COD,1.13843,0.249965,238.108
73041,4334474,700,In12Te23,COD,1.16937,0.327528,238.193
72227,4000819,700,Hg3Te4Tl2,COD,1.25357,0.323816,238.218
81368,651550,1000,Sb3Sm4,ICSD,0.573093,0.30586,238.247
73164,5910286,700,In2Te4Zn,COD,1.18229,0.318468,238.474
65398,421139,1000,Eu8In3,ICSD,0.515048,0.327713,238.65
67596,632049,1000,FeGe2La,ICSD,0.501548,0.282276,238.845
68448,23227,1000,Ga5Mg2,ICSD,0.597632,0.293321,238.975
81548,108293,1000,SeSn,ICSD,1.12483,0.301466,239.142
81548,108293,700,SeSn,ICSD,1.04023,0.308464,239.142
72654,107071,1000,HoSbZr,ICSD,0.508454,0.285243,239.227
57521,621030,1000,CeFeGe2,ICSD,0.546075,0.311933,239.44
81485,652213,1000,Se2Zn,ICSD,1.2226,0.306669,239.633
81485,652213,700,Se2Zn,ICSD,1.02896,0.320371,239.633
69115,411185,1000,GdGePd,ICSD,0.518399,0.308975,239.707
73036,370033,1000,In11Rb8,ICSD,0.553085,0.303435,239.714
69147,635832,1000,GdIn2Ni,ICSD,0.593383,0.315308,240.224
56031,8103269,1000,CaGa2Ni,COD,0.540162,0.317174,240.293
69423,400448,700,Ge20In3K4,ICSD,0.56936,0.294792,240.354
56854,58982,700,CdHg2,ICSD,1.10464,0.323232,240.528
61626,626577,700,CrRh2Se4,ICSD,0.849286,0.324098,240.741
69414,4118563,1000,Ge16K14Zn,COD,0.511268,0.293653,240.859
68147,300196,1000,Ga2K2Sb3,ICSD,0.610705,0.297351,240.921
62293,420782,1000,CsCuTe4Y2,ICSD,0.507641,0.30705,241.25
56030,619281,1000,CaGa2,ICSD,0.557816,0.307511,241.307
68258,5910318,700,Ga2Se4Zn,COD,1.14306,0.322149,241.375
80946,9008145,700,Rh3Se8,COD,0.935072,0.325783,241.62
80946,9008145,1000,Rh3Se8,COD,1.13625,0.327057,241.62
68420,4001921,1000,Ga4Se7Sn,COD,1.20505,0.309987,241.678
68420,4001921,700,Ga4Se7Sn,COD,1.1451,0.30172,241.678
81397,1524598,700,Sb5Zn6,COD,1.07733,0.171355,241.697
81397,1524598,1000,Sb5Zn6,COD,1.13441,0.235363,241.697
81337,9007437,1000,Sb2Se3,COD,1.11337,0.309713,241.718
81337,9007437,700,Sb2Se3,COD,1.03699,0.313981,241.718
56882,422273,1000,CdK2Sb2Sr,ICSD,0.506693,0.328272,242.116
60541,157336,1000,CoGd5Sb2,ICSD,0.505874,0.304775,242.264
60961,624899,700,CoSb2,ICSD,0.803677,0.280183,242.359
60961,624899,1000,CoSb2,ICSD,0.949425,0.323951,242.359
62943,628287,1000,Cu2LiP2Y,ICSD,0.543217,0.328317,242.43
73107,59450,1000,In2NiTb,ICSD,0.585492,0.322259,242.444
57381,622219,1000,Ce5Sn3,ICSD,0.512411,0.296854,242.459
69869,425788,1000,Ge4Lu2Nb3,ICSD,0.514012,0.321406,242.55
65683,108434,1000,EuSn,ICSD,0.538909,0.323015,242.649
72191,1531463,700,Hg2Se4Sn,COD,1.23078,0.309478,242.697
73105,411077,1000,In2NiPr,ICSD,0.521506,0.290199,242.71
57134,621220,1000,Ce2Ge6Li,ICSD,0.671681,0.323439,242.72
56597,8100910,1000,Cd4GeSe6,COD,1.16551,0.306728,242.752
56597,8100910,700,Cd4GeSe6,COD,1.09631,0.322625,242.752
57293,4000204,1000,Ce3Sb5Ti,COD,0.549042,0.283437,242.757
70483,53906,1000,GeSe,ICSD,1.1707,0.313239,242.881
70483,53906,700,GeSe,ICSD,1.06806,0.320236,242.881
73659,1527853,700,InTe2Tl,COD,1.23966,0.320231,242.932
81719,165183,1000,Sn5Sr3,ICSD,0.570332,0.275161,243.035
80529,657389,1000,PrSn2,ICSD,0.599761,0.287627,243.071
57869,420050,1000,CeSnZn,ICSD,0.502137,0.292832,243.136
68426,1522456,1000,Ga4Ti2Y,COD,0.51241,0.282513,243.235
73035,62893,1000,In11Ni6Pr5,ICSD,0.524808,0.289887,243.262
75152,601624,1000,LaSbTe,ICSD,0.514134,0.279011,243.296
68419,635353,1000,Ga4ScV2,ICSD,0.505314,0.280004,243.298
56457,420621,700,Cd2Eu2KSb3,ICSD,0.51992,0.325294,243.311
68190,1523732,1000,Ga2NdNi,COD,0.587428,0.318869,243.436
55673,58899,1000,Ca3Ga4Ni4,ICSD,0.50261,0.283519,243.514
73303,165188,1000,In7K2Sr,ICSD,0.593207,0.27741,243.536
81661,652648,1000,Sm5Sn3,ICSD,0.549456,0.311653,243.65
69911,86728,1000,Ge4Tb2Ti3,ICSD,0.565597,0.308023,243.657
81423,1010882,700,SbTl,COD,1.1427,0.31523,243.954
56769,619856,1000,CdEuSn,ICSD,0.513316,0.307924,243.984
55667,423781,1000,Ca3Ga2P4,ICSD,0.507893,0.327539,244.048
55519,4320128,1000,Ca2Ge2InLi,COD,0.511484,0.325488,244.06
81473,43857,1000,Se2Sn,ICSD,1.1283,0.31614,244.08
81473,43857,700,Se2Sn,ICSD,1.02582,0.3205,244.08
74861,165185,1000,La3Sn5,ICSD,0.546628,0.279261,244.087
68480,635659,1000,Ga5Y3,ICSD,0.552167,0.283349,244.149
57035,620451,700,CdSe2Tl,ICSD,1.29178,0.29266,244.345
69154,415506,1000,GdInPd,ICSD,0.517579,0.316432,244.389
80655,4343873,700,Pt8Sb11Sn14,COD,1.31814,0.304708,244.478
55481,4002083,700,Ca2Co2O5,COD,0.551982,0.27332,244.487
55481,4002083,1000,Ca2Co2O5,COD,0.886775,0.312642,244.487
65231,417820,1000,Eu11InSb9,ICSD,0.535998,0.30317,244.552
69569,1517992,1000,Ge2Na4Te5,COD,0.581166,0.301599,244.765
73341,4304497,1000,In9Se14,COD,1.17969,0.312888,244.823
73341,4304497,700,In9Se14,COD,1.12462,0.301136,244.823
81333,4113278,1000,Sb10Zn13,COD,1.14911,0.23636,244.85
81333,4113278,700,Sb10Zn13,COD,1.0903,0.140598,244.85
81363,9015418,700,Sb2Zn,COD,1.0836,0.243306,244.866
81363,9015418,1000,Sb2Zn,COD,1.13123,0.269974,244.866
73070,51951,1000,In2La,ICSD,0.52879,0.283705,244.973
67607,632096,1000,FeGe2Pr,ICSD,0.52498,0.32252,244.994
60108,42538,700,Co3Se4,ICSD,0.78576,0.327966,245.007
73293,165364,1000,In5Y3,ICSD,0.509995,0.283007,245.049
80453,4000205,1000,Pr3Sb5Ti,COD,0.517632,0.292476,245.17
80502,649242,700,PrRu4Sb12,ICSD,0.766633,0.322119,245.299
69683,26415,700,Ge2Se5Tl2,ICSD,1.21086,0.289067,245.364
60979,9012536,700,CoSe2,COD,0.840576,0.325349,245.384
68515,634262,700,Ga8Ge15Na4,ICSD,0.561603,0.314959,245.698
73163,44364,700,In2Te3,ICSD,1.17542,0.319352,246.07
67443,633160,1000,Fe4PrSb12,ICSD,0.895713,0.298412,246.138
67443,633160,700,Fe4PrSb12,ICSD,0.758703,0.147088,246.138
67601,632077,1000,FeGe2Nd,ICSD,0.581151,0.328912,246.361
70272,4000661,700,GeMnTe4Tl2,COD,1.29694,0.28692,246.532
63260,658640,1000,Cu3Sb4Sm3,ICSD,0.549238,0.322943,246.548
56493,620185,1000,Cd2Nd,ICSD,0.526512,0.314987,246.809
68472,635339,1000,Ga5Sc3,ICSD,0.530997,0.289855,246.85
69681,637839,1000,Ge2Sc,ICSD,0.539442,0.289507,246.879
73165,2106460,700,In2Te5,COD,1.11853,0.324146,246.898
65511,631348,1000,EuInPd,ICSD,0.507671,0.318161,247.014
67444,658733,700,Fe4Sb12Sr,ICSD,0.793089,0.242175,247.052
69793,164893,1000,Ge3PrV,ICSD,0.517286,0.321948,247.064
81650,652643,1000,Sm11Sn10,ICSD,0.57879,0.318532,247.152
81456,106965,1000,ScSn2,ICSD,0.526017,0.283367,247.184
80457,649398,1000,Pr3Sn5,ICSD,0.593627,0.298896,247.225
60938,657992,1000,CoPrSb2,ICSD,0.551992,0.328445,247.296
80184,77882,700,PbTe,ICSD,1.05342,0.265485,247.39
69273,656591,1000,GdPdZn,ICSD,0.521386,0.309626,247.631
61835,2006421,1000,Cs2Mn3Te4,COD,0.503223,0.31684,247.683
63250,658639,1000,Cu3Pr3Sb4,ICSD,0.563436,0.316577,247.954
63267,1528745,700,Cu3Se2,COD,0.720237,0.2805,248.354
63267,1528745,1000,Cu3Se2,COD,1.11208,0.287158,248.354
68902,191480,1000,Gd11In9Pd4,ICSD,0.510041,0.315647,248.384
64238,418754,700,CuSbSe2,ICSD,1.04221,0.308985,248.409
64238,418754,1000,CuSbSe2,ICSD,1.17039,0.317834,248.409
57044,1524580,1000,CdTb,COD,0.528963,0.327101,248.426
65235,57272,1000,Eu14MnSb11,ICSD,0.521598,0.310992,248.612
57033,9011664,1000,CdSe,COD,1.172,0.299903,248.74
57033,9011664,700,CdSe,COD,1.00671,0.308009,248.74
56633,413701,1000,Cd6Sb12Sr11,ICSD,0.520575,0.284773,248.765
57738,621687,1000,CeNiSn2,ICSD,0.594184,0.299491,248.854
56746,108205,1000,CdCuGd,ICSD,0.522026,0.317329,249.006
57442,657991,1000,CeCoSb2,ICSD,0.567026,0.319725,249.158
73160,414235,1000,In2Sr,ICSD,0.538822,0.302376,249.205
69271,1522798,1000,GdPdSn,COD,0.508441,0.299235,249.432
74860,423418,1000,La3Sn4,ICSD,0.542631,0.269426,249.438
70126,201144,700,GeI3Tl,ICSD,1.24115,0.326815,249.801
80171,250250,700,PbSb2Te4,ICSD,1.0844,0.325627,250.034
68901,167634,1000,Gd11In9Ni4,ICSD,0.537423,0.317241,250.128
81660,652647,1000,Sm4Sn3,ICSD,0.569773,0.323638,250.275
69077,601388,1000,Gd5Sb3,ICSD,0.581232,0.318838,250.324
73130,4302601,700,In2Pb4Sb4Se13,COD,1.21119,0.275503,250.35
57034,620416,1000,CdSe2,ICSD,1.1831,0.285279,250.59
57034,620416,700,CdSe2,ICSD,1.03214,0.300249,250.59
69081,636458,1000,Gd5Sn4,ICSD,0.57686,0.321044,250.601
64283,629347,700,CuTe3Tl4,ICSD,1.31062,0.313386,250.623
69153,635836,1000,GdInNi,ICSD,0.534153,0.318795,250.672
62885,656158,700,Cu2HgSnTe4,ICSD,1.28834,0.301873,251.034
57069,622227,1000,Ce11Sn10,ICSD,0.508658,0.29317,251.129
74422,98654,1000,KLaTe2,ICSD,0.508451,0.294289,251.258
73159,5910326,700,In2Se4Zn,COD,1.13257,0.315109,251.431
80074,1524520,700,Pb2Pd,COD,1.24872,0.328629,251.447
64535,629738,1000,DyGa4Ti2,ICSD,0.590994,0.32209,251.699
68914,88173,1000,Gd2Ge4Ti3,ICSD,0.562316,0.298815,251.948
57529,188330,1000,CeGa2Ni,ICSD,0.545851,0.305582,252.068
57613,412515,1000,CeIn2Ni,ICSD,0.52453,0.289165,252.097
73034,410093,1000,In11Nd5Ni6,ICSD,0.571588,0.298865,252.367
69087,260932,1000,Gd6NiTe2,ICSD,0.509844,0.303266,252.464
81355,76499,700,Sb2TlZn2,ICSD,1.31277,0.287551,252.618
59715,622688,1000,Co2Dy3In4,ICSD,0.564922,0.321563,252.709
68863,281757,700,GaSe2,ICSD,1.08157,0.320425,252.766
68863,281757,1000,GaSe2,ICSD,1.19939,0.322869,252.766
57611,621366,1000,CeIn2,ICSD,0.542902,0.301947,252.832
63222,57207,1000,Cu3Nd3Sb4,ICSD,0.547712,0.322646,252.834
72367,247764,700,HgSe4SnTl2,ICSD,1.31813,0.28809,252.914
63266,400652,1000,Cu3SbSe4,ICSD,1.10244,0.317982,253.07
56734,619784,700,CdCu2Se4Sn,ICSD,1.10732,0.326983,253.206
65234,4001655,1000,Eu14InSb11,COD,0.536612,0.303247,253.625
68857,9008847,700,GaSb,COD,1.09796,0.307022,253.687
68857,9008847,1000,GaSb,COD,1.13583,0.317995,253.687
80517,649309,1000,PrSb2,ICSD,0.598629,0.302658,253.728
62844,656155,700,Cu2GeHgTe4,ICSD,1.28731,0.300773,253.807
62883,627936,700,Cu2HgSe4Sn,ICSD,1.25849,0.329228,253.887
59847,1524263,1000,Co2La3Sn7,COD,0.506127,0.288857,253.898
55522,25323,1000,Ca2Ge3Li,ICSD,0.549134,0.266348,254.081
69966,20612,1000,Ge5Y3,ICSD,0.507178,0.29246,254.558
69426,26300,700,Ge23K4,ICSD,0.572721,0.323458,254.894
69069,157337,1000,Gd5NiSb2,ICSD,0.51011,0.299541,254.952
68512,2106106,700,Ga7Rb,COD,0.543237,0.315731,255.322
73108,413459,1000,In2NiY,ICSD,0.514638,0.24245,255.613
72366,247763,700,HgSe4SiTl2,ICSD,1.31219,0.323981,255.736
73156,1376,700,In2Se3,ICSD,1.12469,0.298038,255.842
73156,1376,1000,In2Se3,ICSD,1.17728,0.313843,255.842
57518,621065,1000,CeFe4Sb12,ICSD,0.881017,0.282215,255.861
57518,621065,700,CeFe4Sb12,ICSD,0.761737,0.109816,255.861
64626,629948,1000,DyMnSn2,ICSD,0.597335,0.300014,255.869
57298,63667,1000,Ce3Sn7,ICSD,0.620071,0.290042,255.952
57448,4002000,1000,CeCrGe3,COD,0.536742,0.310468,256
68514,400668,700,Ga7Te10,ICSD,1.16707,0.26369,256.189
68514,400668,1000,Ga7Te10,ICSD,1.17851,0.307323,256.189
68424,635504,1000,Ga4TbTi2,ICSD,0.585838,0.320918,256.325
72872,151997,700,I5InPb2,ICSD,1.22973,0.320459,256.433
57028,9008881,1000,CdSb,COD,1.22722,0.319362,256.555
57028,9008881,700,CdSb,COD,1.13721,0.273469,256.555
68418,635352,1000,Ga4ScTi2,ICSD,0.503121,0.280905,256.777
72277,5910288,700,HgIn2Se4,COD,1.22177,0.309592,256.963
57438,620738,1000,CeCoGe2,ICSD,0.541153,0.317227,256.986
70504,69035,700,GeTe5Tl2,ICSD,1.20323,0.257466,257.306
59738,157364,1000,Co2Ga7Mg3,ICSD,0.513719,0.298167,257.341
55810,36466,1000,Ca5Ga2Sb6,ICSD,0.570328,0.279108,257.408
57382,1527417,1000,Ce5Sn4,COD,0.502446,0.294929,257.81
57360,2208745,1000,Ce5In4Pt2,COD,0.504266,0.327365,257.929
64244,9000063,700,CuSe,COD,0.827562,0.325134,258.077
64244,9000063,1000,CuSe,COD,1.10525,0.311281,258.077
68898,184241,1000,Gd11Ge4In6,ICSD,0.545222,0.312939,258.648
56766,619854,1000,CdEuGe,ICSD,0.515717,0.306886,258.756
67424,79927,700,Fe4NdSb12,ICSD,0.781071,0.186106,258.865
63470,69593,1000,Cu8GeSe6,ICSD,1.14049,0.309874,258.897
62940,628282,1000,Cu2LiP,ICSD,0.539663,0.314992,259.146
73972,411279,1000,K2LiSn4,ICSD,0.573478,0.324187,259.191
68922,658296,1000,Gd2InPd2,ICSD,0.500491,0.29157,259.548
67076,1524856,1000,Fe2Ga6Sc3,COD,0.51203,0.282545,260.183
68696,1523635,1000,GaMg2,COD,0.513351,0.305759,260.384
68920,1522649,1000,Gd2In,COD,0.549106,0.322621,260.471
57030,7222183,700,CdSbTl,COD,1.33354,0.276062,260.473
69052,150368,1000,Gd4NiTe2,ICSD,0.509591,0.316587,260.555
69080,636456,1000,Gd5Sn3,ICSD,0.579857,0.316315,260.642
69230,1522797,1000,GdNiSn,COD,0.520428,0.316427,260.88
70502,49658,700,GeTe3Tl3,ICSD,1.27722,0.312744,261.023
57364,4307876,1000,Ce5Li2Sn7,COD,0.656633,0.307673,261.194
72278,5910237,700,HgIn2Te4,COD,1.19513,0.329448,261.549
75620,411278,1000,LiRb2Sn4,ICSD,0.571041,0.326736,262.794
80358,4310736,700,PdSe2,COD,0.943235,0.328569,263.524
